No escape,Age-independant escape,Age-dependant escape
26,26.0,26.0
14,14.0,14.0
17,17.0,17.0
21,21.0,28.0
20,28.0,18.0
37,3.0,4.0
28,14.0,22.0
18,34.0,26.0
4,29.0,28.0
22,26.0,16.0
26,46.0,3.0
28,24.0,29.0
16,23.0,20.0
3,13.0,23.0
14,34.0,13.0
18,18.0,8.0
29,6.0,21.0
37,27.0,6.0
18,18.0,18.0
34,29.0,19.0
29,51.0,10.0
20,19.0,13.0
26,28.0,6.0
46,17.0,27.0
24,29.0,22.0
23,39.0,7.0
43,16.0,16.0
13,24.0,7.0
29,45.0,19.0
8,46.0,35.0
21,38.0,28.0
34,22.0,39.0
6,21.0,24.0
27,13.0,26.0
18,8.0,17.0
19,48.0,45.0
10,28.0,32.0
11,19.0,13.0
23,7.0,8.0
13,17.0,24.0
6,28.0,28.0
27,47.0,23.0
32,20.0,36.0
18,25.0,19.0
29,4.0,18.0
22,22.0,7.0
7,38.0,24.0
16,51.0,3.0
46,32.0,17.0
7,37.0,12.0
51,39.0,37.0
26,22.0,10.0
53,27.0,20.0
19,23.0,4.0
35,38.0,21.0
35,17.0,38.0
28,27.0,31.0
17,45.0,37.0
26,48.0,22.0
29,18.0,19.0
39,19.0,25.0
16,16.0,38.0
24,24.0,17.0
26,14.0,17.0
16,59.0,17.0
17,21.0,7.0
30,36.0,28.0
45,53.0,10.0
32,8.0,19.0
46,37.0,16.0
52,31.0,14.0
13,35.0,21.0
27,25.0,8.0
38,14.0,8.0
14,41.0,37.0
22,42.0,18.0
21,22.0,16.0
13,59.0,23.0
19,27.0,23.0
8,13.0,14.0
24,30.0,16.0
48,34.0,35.0
28,26.0,37.0
22,11.0,14.0
23,8.0,22.0
36,22.0,27.0
19,17.0,13.0
18,20.0,26.0
7,18.0,25.0
12,16.0,11.0
32,28.0,17.0
32,18.0,4.0
30,26.0,20.0
24,45.0,18.0
3,30.0,28.0
25,19.0,20.0
35,25.0,24.0
17,10.0,16.0
12,44.0,28.0
37,21.0,37.0
38,21.0,18.0
12,30.0,20.0
28,27.0,30.0
10,39.0,19.0
47,22.0,19.0
20,27.0,14.0
25,35.0,25.0
4,20.0,10.0
22,18.0,23.0
21,17.0,21.0
38,40.0,6.0
51,34.0,21.0
31,37.0,35.0
32,19.0,21.0
23,8.0,39.0
37,51.0,22.0
39,25.0,7.0
22,10.0,35.0
19,30.0,20.0
27,25.0,7.0
25,34.0,18.0
23,16.0,13.0
38,38.0,17.0
39,12.0,40.0
37,40.0,28.0
17,12.0,34.0
17,27.0,37.0
16,30.0,24.0
17,28.0,19.0
7,30.0,8.0
27,7.0,25.0
45,30.0,10.0
28,30.0,30.0
28,29.0,34.0
10,17.0,4.0
48,31.0,3.0
19,25.0,12.0
18,26.0,12.0
17,21.0,28.0
19,29.0,7.0
16,20.0,3.0
19,46.0,30.0
24,21.0,30.0
14,22.0,27.0
59,11.0,29.0
21,24.0,17.0
8,35.0,25.0
36,8.0,16.0
53,8.0,21.0
8,27.0,20.0
33,22.0,7.0
37,21.0,8.0
18,48.0,15.0
16,19.0,21.0
44,3.0,24.0
43,9.0,18.0
23,50.0,35.0
31,9.0,10.0
20,16.0,8.0
23,25.0,36.0
14,37.0,8.0
16,35.0,22.0
23,35.0,15.0
35,20.0,21.0
37,34.0,3.0
25,31.0,9.0
14,27.0,36.0
32,56.0,28.0
41,25.0,9.0
42,4.0,33.0
22,37.0,26.0
59,15.0,25.0
31,29.0,37.0
27,20.0,20.0
13,19.0,17.0
30,25.0,31.0
34,58.0,25.0
17,26.0,10.0
26,28.0,6.0
25,22.0,10.0
11,6.0,39.0
8,22.0,9.0
22,21.0,4.0
28,47.0,15.0
17,31.0,13.0
4,24.0,13.0
20,26.0,5.0
18,10.0,32.0
28,8.0,10.0
30,52.0,16.0
20,10.0,15.0
24,10.0,15.0
16,12.0,40.0
28,13.0,25.0
37,41.0,19.0
18,4.0,12.0
26,9.0,22.0
20,17.0,6.0
36,40.0,22.0
12,37.0,21.0
50,26.0,2.0
45,23.0,20.0
38,12.0,14.0
28,37.0,27.0
30,18.0,26.0
19,31.0,8.0
19,18.0,10.0
14,42.0,16.0
25,39.0,9.0
10,39.0,10.0
23,28.0,12.0
44,21.0,13.0
21,6.0,23.0
6,33.0,4.0
21,34.0,20.0
30,14.0,9.0
20,18.0,14.0
35,25.0,17.0
28,18.0,17.0
21,6.0,37.0
27,40.0,17.0
37,6.0,12.0
39,30.0,37.0
22,36.0,27.0
27,25.0,18.0
7,36.0,35.0
35,39.0,21.0
20,32.0,33.0
7,15.0,18.0
18,7.0,32.0
48,11.0,42.0
13,17.0,39.0
17,2.0,18.0
24,32.0,21.0
40,22.0,6.0
28,26.0,15.0
34,24.0,34.0
37,34.0,22.0
12,40.0,18.0
24,36.0,18.0
19,18.0,25.0
8,34.0,18.0
51,16.0,7.0
31,9.0,6.0
25,41.0,6.0
10,17.0,11.0
21,14.0,30.0
30,38.0,16.0
25,28.0,14.0
13,19.0,10.0
34,10.0,15.0
22,29.0,19.0
16,21.0,11.0
38,24.0,9.0
4,40.0,17.0
3,16.0,14.0
12,6.0,34.0
40,16.0,2.0
25,31.0,19.0
12,17.0,32.0
27,3.0,43.0
30,36.0,26.0
15,26.0,13.0
28,13.0,10.0
30,24.0,11.0
64,31.0,14.0
7,54.0,26.0
3,59.0,33.0
30,44.0,13.0
30,48.0,18.0
27,7.0,49.0
29,16.0,16.0
17,2.0,17.0
31,30.0,29.0
25,28.0,14.0
55,42.0,21.0
26,16.0,10.0
16,19.0,21.0
21,22.0,6.0
19,26.0,16.0
29,14.0,31.0
20,24.0,17.0
7,27.0,6.0
8,22.0,3.0
46,47.0,26.0
15,23.0,13.0
21,43.0,22.0
22,5.0,24.0
11,45.0,23.0
14,38.0,27.0
23,8.0,3.0
24,37.0,7.0
18,35.0,35.0
35,42.0,2.0
15,26.0,16.0
35,18.0,35.0
10,31.0,26.0
8,24.0,16.0
36,31.0,14.0
8,21.0,24.0
27,37.0,19.0
22,61.0,27.0
15,13.0,19.0
21,19.0,22.0
48,15.0,12.0
19,22.0,23.0
17,16.0,47.0
30,27.0,23.0
32,26.0,5.0
3,7.0,34.0
33,14.0,8.0
9,28.0,12.0
36,26.0,28.0
50,29.0,31.0
28,13.0,24.0
9,26.0,11.0
33,69.0,31.0
16,37.0,19.0
39,24.0,35.0
26,14.0,20.0
25,16.0,15.0
37,33.0,22.0
35,13.0,16.0
35,16.0,27.0
6,24.0,31.0
20,40.0,4.0
17,61.0,7.0
34,7.0,13.0
31,32.0,15.0
27,15.0,15.0
56,12.0,12.0
25,21.0,6.0
10,21.0,25.0
6,15.0,26.0
40,35.0,37.0
13,16.0,6.0
10,32.0,14.0
39,23.0,22.0
9,24.0,18.0
7,22.0,24.0
4,21.0,35.0
15,36.0,15.0
13,39.0,13.0
20,43.0,16.0
37,32.0,25.0
13,31.0,18.0
15,41.0,7.0
5,21.0,23.0
35,50.0,15.0
45,10.0,10.0
32,13.0,15.0
29,24.0,12.0
13,4.0,21.0
10,29.0,9.0
16,21.0,29.0
15,51.0,22.0
5,20.0,32.0
9,34.0,24.0
15,33.0,10.0
26,26.0,15.0
40,22.0,22.0
43,19.0,21.0
29,28.0,36.0
25,17.0,20.0
20,47.0,11.0
19,10.0,18.0
25,47.0,31.0
58,11.0,21.0
26,25.0,10.0
28,53.0,16.0
44,29.0,24.0
29,17.0,32.0
12,6.0,4.0
16,31.0,25.0
22,26.0,29.0
46,23.0,21.0
6,14.0,20.0
22,26.0,27.0
22,4.0,3.0
21,9.0,26.0
47,25.0,21.0
56,34.0,22.0
2,12.0,19.0
31,26.0,23.0
40,9.0,29.0
24,24.0,17.0
20,37.0,30.0
23,20.0,10.0
14,22.0,39.0
27,13.0,47.0
26,34.0,3.0
10,30.0,6.0
34,24.0,8.0
8,5.0,31.0
52,10.0,23.0
10,54.0,23.0
10,9.0,14.0
16,20.0,26.0
9,17.0,4.0
10,8.0,9.0
68,14.0,12.0
63,16.0,26.0
12,10.0,13.0
13,26.0,9.0
41,39.0,24.0
23,2.0,20.0
28,47.0,20.0
4,15.0,6.0
20,46.0,23.0
9,1.0,38.0
14,30.0,13.0
17,42.0,34.0
17,25.0,23.0
40,16.0,24.0
37,19.0,5.0
17,31.0,4.0
26,29.0,12.0
23,5.0,25.0
12,18.0,10.0
68,19.0,23.0
12,9.0,8.0
40,52.0,14.0
28,31.0,44.0
9,16.0,16.0
37,16.0,33.0
27,3.0,16.0
18,27.0,13.0
35,36.0,39.0
21,36.0,24.0
31,9.0,2.0
33,5.0,12.0
35,50.0,4.0
18,6.0,1.0
32,53.0,16.0
42,36.0,25.0
45,27.0,16.0
39,40.0,29.0
15,42.0,5.0
35,14.0,13.0
18,35.0,19.0
39,13.0,9.0
9,9.0,5.0
28,19.0,22.0
21,25.0,16.0
53,41.0,3.0
6,7.0,27.0
33,29.0,13.0
15,39.0,9.0
34,7.0,5.0
22,11.0,9.0
14,26.0,18.0
18,30.0,6.0
18,44.0,36.0
25,10.0,38.0
18,21.0,25.0
7,27.0,17.0
6,25.0,25.0
40,20.0,13.0
6,35.0,23.0
11,31.0,9.0
30,36.0,25.0
34,16.0,16.0
36,37.0,7.0
25,7.0,29.0
30,25.0,3.0
16,13.0,15.0
41,26.0,8.0
14,41.0,39.0
22,40.0,14.0
36,14.0,20.0
40,15.0,7.0
39,4.0,16.0
38,18.0,11.0
10,38.0,30.0
32,11.0,37.0
15,39.0,25.0
27,14.0,15.0
19,34.0,19.0
32,27.0,38.0
7,38.0,3.0
19,63.0,4.0
11,38.0,27.0
9,26.0,29.0
17,26.0,25.0
14,37.0,20.0
50,22.0,13.0
34,18.0,2.0
2,14.0,13.0
19,40.0,37.0
32,1.0,11.0
43,11.0,7.0
22,8.0,13.0
26,46.0,15.0
13,23.0,4.0
24,16.0,18.0
32,15.0,27.0
13,42.0,14.0
13,16.0,29.0
10,13.0,34.0
11,51.0,26.0
34,42.0,9.0
33,36.0,7.0
40,20.0,14.0
14,56.0,14.0
36,33.0,6.0
26,16.0,22.0
41,35.0,16.0
33,13.0,14.0
13,22.0,40.0
18,26.0,1.0
49,27.0,11.0
34,30.0,8.0
16,21.0,23.0
9,27.0,17.0
41,28.0,16.0
17,50.0,10.0
29,21.0,15.0
12,10.0,12.0
14,21.0,13.0
21,45.0,16.0
38,9.0,36.0
28,12.0,20.0
19,14.0,16.0
10,22.0,2.0
29,32.0,10.0
21,19.0,15.0
24,29.0,35.0
24,12.0,5.0
40,11.0,30.0
21,30.0,21.0
16,7.0,27.0
6,8.0,21.0
16,26.0,9.0
31,75.0,7.0
17,29.0,12.0
28,27.0,14.0
6,17.0,19.0
3,36.0,43.0
36,26.0,32.0
26,9.0,8.0
13,34.0,14.0
16,16.0,24.0
22,14.0,32.0
24,14.0,19.0
31,31.0,4.0
54,33.0,15.0
23,23.0,29.0
24,27.0,18.0
27,34.0,13.0
59,17.0,20.0
61,15.0,11.0
44,10.0,17.0
48,19.0,7.0
3,26.0,26.0
7,6.0,24.0
16,31.0,27.0
47,28.0,20.0
35,17.0,26.0
2,33.0,29.0
30,35.0,9.0
28,28.0,24.0
41,29.0,24.0
29,18.0,4.0
42,23.0,10.0
16,32.0,16.0
35,26.0,23.0
35,20.0,19.0
19,20.0,27.0
22,34.0,10.0
26,37.0,15.0
10,25.0,10.0
16,14.0,26.0
14,37.0,10.0
24,19.0,26.0
19,33.0,6.0
27,10.0,14.0
35,25.0,18.0
38,35.0,6.0
19,51.0,15.0
22,29.0,18.0
12,10.0,17.0
23,12.0,28.0
41,25.0,29.0
47,22.0,29.0
23,22.0,22.0
43,19.0,20.0
5,37.0,11.0
45,47.0,23.0
38,50.0,9.0
34,26.0,11.0
8,23.0,28.0
12,15.0,31.0
37,56.0,29.0
30,13.0,8.0
35,17.0,34.0
42,47.0,20.0
43,42.0,23.0
45,7.0,25.0
26,8.0,14.0
18,17.0,19.0
28,22.0,26.0
31,38.0,10.0
42,17.0,9.0
24,36.0,15.0
11,6.0,35.0
31,12.0,29.0
21,9.0,27.0
37,33.0,10.0
19,31.0,15.0
15,24.0,12.0
61,9.0,16.0
35,22.0,22.0
20,12.0,10.0
13,4.0,22.0
27,20.0,19.0
27,13.0,18.0
19,18.0,33.0
15,17.0,32.0
22,23.0,26.0
16,26.0,23.0
37,37.0,13.0
27,7.0,17.0
26,44.0,23.0
31,60.0,21.0
4,6.0,32.0
7,8.0,7.0
14,9.0,8.0
28,24.0,17.0
26,21.0,31.0
29,16.0,15.0
13,23.0,17.0
15,12.0,6.0
15,29.0,8.0
32,39.0,9.0
12,17.0,14.0
6,35.0,30.0
25,31.0,13.0
25,40.0,17.0
26,11.0,16.0
69,32.0,18.0
37,12.0,9.0
6,8.0,12.0
24,34.0,4.0
14,9.0,20.0
22,21.0,31.0
16,33.0,18.0
18,48.0,13.0
24,16.0,28.0
35,23.0,23.0
29,23.0,7.0
33,33.0,13.0
13,26.0,8.0
15,31.0,9.0
13,34.0,24.0
27,23.0,21.0
16,26.0,16.0
24,4.0,30.0
25,16.0,7.0
31,29.0,25.0
18,48.0,31.0
40,30.0,14.0
19,28.0,26.0
61,16.0,12.0
21,26.0,10.0
7,23.0,11.0
32,14.0,16.0
23,26.0,24.0
15,33.0,12.0
35,27.0,20.0
10,22.0,17.0
15,11.0,17.0
50,59.0,16.0
12,8.0,16.0
40,26.0,33.0
14,21.0,26.0
21,25.0,31.0
21,33.0,15.0
23,34.0,23.0
9,6.0,4.0
29,15.0,13.0
44,27.0,29.0
22,30.0,30.0
15,25.0,16.0
32,24.0,26.0
35,26.0,14.0
16,41.0,31.0
32,8.0,31.0
23,8.0,26.0
24,45.0,27.0
10,35.0,12.0
15,3.0,22.0
29,11.0,26.0
22,45.0,11.0
21,27.0,8.0
56,12.0,26.0
36,31.0,21.0
20,7.0,25.0
39,20.0,9.0
10,31.0,6.0
35,32.0,15.0
43,26.0,19.0
11,17.0,27.0
18,20.0,25.0
32,13.0,8.0
31,31.0,45.0
41,56.0,13.0
21,23.0,3.0
50,45.0,6.0
10,17.0,12.0
13,6.0,7.0
16,34.0,20.0
24,4.0,22.0
17,29.0,6.0
32,38.0,12.0
4,25.0,22.0
25,9.0,17.0
29,64.0,14.0
21,29.0,30.0
61,43.0,13.0
22,11.0,13.0
51,39.0,31.0
28,16.0,33.0
20,43.0,23.0
34,38.0,17.0
27,9.0,36.0
33,14.0,7.0
26,37.0,3.0
29,25.0,17.0
3,54.0,6.0
26,29.0,4.0
21,23.0,29.0
25,29.0,10.0
17,34.0,25.0
22,29.0,24.0
19,43.0,27.0
23,31.0,27.0
28,35.0,30.0
29,24.0,29.0
17,25.0,13.0
22,27.0,11.0
47,19.0,16.0
30,27.0,9.0
10,22.0,14.0
39,23.0,23.0
51,22.0,25.0
47,38.0,23.0
3,24.0,29.0
11,4.0,34.0
25,21.0,15.0
44,30.0,2.0
32,49.0,21.0
15,21.0,10.0
53,29.0,38.0
29,5.0,12.0
17,17.0,19.0
6,33.0,0.0
8,47.0,18.0
31,38.0,22.0
26,45.0,23.0
23,38.0,22.0
23,32.0,24.0
14,15.0,21.0
51,16.0,20.0
26,25.0,30.0
4,28.0,20.0
9,35.0,27.0
25,22.0,14.0
34,12.0,22.0
12,13.0,5.0
11,37.0,17.0
26,24.0,33.0
13,40.0,10.0
9,60.0,6.0
36,22.0,16.0
24,27.0,25.0
37,26.0,8.0
20,16.0,24.0
20,24.0,35.0
28,9.0,12.0
35,24.0,13.0
23,40.0,24.0
6,7.0,42.0
23,13.0,26.0
38,27.0,10.0
37,24.0,38.0
49,15.0,16.0
30,31.0,7.0
22,11.0,19.0
17,28.0,24.0
13,55.0,9.0
34,17.0,21.0
22,18.0,10.0
30,12.0,13.0
24,33.0,24.0
31,12.0,7.0
23,7.0,12.0
24,19.0,13.0
17,49.0,33.0
33,21.0,6.0
5,22.0,15.0
4,22.0,10.0
12,53.0,13.0
25,35.0,11.0
10,4.0,12.0
31,43.0,33.0
23,27.0,7.0
54,16.0,19.0
9,51.0,21.0
20,24.0,16.0
17,47.0,49.0
26,39.0,34.0
17,47.0,4.0
8,24.0,16.0
19,50.0,10.0
27,32.0,27.0
29,16.0,8.0
14,25.0,16.0
44,27.0,24.0
16,22.0,17.0
33,56.0,24.0
16,26.0,27.0
7,14.0,16.0
13,19.0,32.0
10,10.0,22.0
26,30.0,39.0
19,32.0,14.0
39,7.0,19.0
24,41.0,10.0
2,13.0,7.0
47,50.0,44.0
15,58.0,10.0
12,23.0,23.0
4,15.0,15.0
29,18.0,5.0
46,29.0,5.0
1,39.0,18.0
18,14.0,39.0
30,24.0,14.0
16,24.0,28.0
44,31.0,24.0
42,51.0,22.0
25,15.0,31.0
16,24.0,26.0
19,31.0,12.0
31,19.0,15.0
29,38.0,13.0
5,13.0,7.0
13,21.0,15.0
25,7.0,13.0
21,38.0,12.0
18,15.0,19.0
21,24.0,26.0
19,19.0,26.0
9,36.0,20.0
52,20.0,36.0
5,7.0,7.0
31,25.0,24.0
32,24.0,31.0
22,10.0,21.0
16,13.0,10.0
16,25.0,13.0
22,41.0,25.0
3,25.0,31.0
26,36.0,16.0
27,36.0,26.0
16,22.0,18.0
13,48.0,16.0
36,10.0,25.0
36,32.0,7.0
9,28.0,18.0
40,5.0,22.0
5,29.0,23.0
29,33.0,10.0
9,19.0,28.0
18,36.0,5.0
50,9.0,29.0
16,38.0,19.0
46,12.0,36.0
6,39.0,9.0
30,26.0,12.0
53,27.0,28.0
36,23.0,10.0
38,29.0,23.0
37,21.0,29.0
27,22.0,9.0
40,18.0,6.0
24,14.0,22.0
42,18.0,18.0
25,54.0,3.0
26,3.0,26.0
29,31.0,31.0
43,54.0,15.0
17,27.0,27.0
25,23.0,37.0
14,22.0,34.0
35,7.0,23.0
13,9.0,27.0
20,27.0,29.0
23,22.0,7.0
34,12.0,26.0
9,25.0,9.0
19,20.0,25.0
25,7.0,6.0
23,21.0,20.0
19,23.0,10.0
41,33.0,7.0
16,26.0,12.0
7,50.0,21.0
29,38.0,21.0
37,6.0,23.0
3,15.0,33.0
15,36.0,23.0
8,14.0,6.0
39,32.0,19.0
14,21.0,13.0
20,22.0,11.0
7,23.0,15.0
21,11.0,27.0
68,29.0,24.0
16,29.0,28.0
11,41.0,32.0
26,7.0,11.0
30,19.0,14.0
37,32.0,11.0
25,13.0,7.0
26,16.0,39.0
15,30.0,32.0
44,3.0,13.0
27,49.0,16.0
22,35.0,3.0
10,37.0,39.0
21,46.0,35.0
19,13.0,13.0
38,25.0,25.0
33,6.0,10.0
3,20.0,6.0
4,27.0,29.0
27,2.0,2.0
29,10.0,10.0
25,25.0,25.0
20,28.0,43.0
35,18.0,20.0
31,18.0,28.0
36,15.0,18.0
16,44.0,18.0
13,36.0,15.0
2,21.0,25.0
13,25.0,21.0
37,15.0,17.0
33,17.0,3.0
24,8.0,25.0
11,11.0,15.0
7,8.0,19.0
25,47.0,17.0
13,36.0,8.0
26,28.0,11.0
41,19.0,8.0
40,7.0,47.0
14,38.0,17.0
15,27.0,36.0
4,37.0,30.0
18,13.0,25.0
38,35.0,13.0
11,19.0,7.0
39,20.0,0.0
27,27.0,15.0
37,30.0,6.0
14,26.0,35.0
19,36.0,12.0
29,26.0,20.0
34,32.0,28.0
27,32.0,11.0
29,20.0,20.0
38,29.0,39.0
54,24.0,22.0
63,19.0,18.0
32,33.0,36.0
38,38.0,21.0
16,33.0,20.0
26,22.0,4.0
26,11.0,24.0
18,8.0,19.0
9,51.0,18.0
7,36.0,33.0
14,18.0,37.0
14,38.0,7.0
6,41.0,23.0
37,66.0,22.0
22,23.0,18.0
43,78.0,8.0
15,20.0,25.0
18,17.0,26.0
16,14.0,19.0
14,19.0,36.0
40,66.0,23.0
1,54.0,22.0
11,25.0,20.0
8,31.0,14.0
46,30.0,17.0
23,3.0,14.0
17,40.0,19.0
22,37.0,30.0
16,23.0,3.0
16,17.0,25.0
10,46.0,11.0
10,36.0,23.0
15,55.0,17.0
15,33.0,19.0
12,20.0,36.0
42,19.0,29.0
16,31.0,1.0
13,9.0,29.0
51,11.0,31.0
35,18.0,11.0
54,19.0,9.0
16,33.0,25.0
42,21.0,11.0
36,3.0,24.0
20,25.0,19.0
56,22.0,13.0
33,30.0,38.0
16,23.0,9.0
2,40.0,3.0
30,64.0,19.0
10,13.0,36.0
15,26.0,16.0
35,31.0,23.0
13,40.0,27.0
5,32.0,11.0
54,17.0,19.0
16,27.0,24.0
22,45.0,13.0
26,34.0,21.0
27,19.0,31.0
26,29.0,32.0
30,17.0,17.0
24,11.0,24.0
36,17.0,29.0
49,23.0,19.0
21,33.0,29.0
27,39.0,17.0
28,37.0,11.0
50,11.0,22.0
21,48.0,33.0
30,29.0,17.0
10,34.0,23.0
21,34.0,18.0
45,34.0,33.0
9,2.0,4.0
7,25.0,13.0
8,48.0,22.0
12,28.0,19.0
14,33.0,11.0
19,40.0,34.0
43,36.0,23.0
58,15.0,22.0
32,40.0,13.0
8,10.0,2.0
14,49.0,13.0
24,19.0,33.0
22,11.0,20.0
32,36.0,3.0
19,20.0,19.0
4,20.0,14.0
15,14.0,23.0
29,5.0,14.0
18,24.0,19.0
13,30.0,24.0
45,8.0,19.0
12,21.0,11.0
20,12.0,20.0
11,19.0,20.0
17,30.0,15.0
30,27.0,23.0
49,15.0,13.0
7,33.0,14.0
8,45.0,5.0
26,8.0,8.0
75,15.0,24.0
26,25.0,24.0
24,20.0,19.0
29,9.0,9.0
27,14.0,30.0
17,35.0,8.0
15,17.0,19.0
17,12.0,21.0
20,25.0,28.0
36,9.0,12.0
26,41.0,19.0
29,10.0,30.0
36,67.0,23.0
31,24.0,24.0
56,2.0,31.0
9,34.0,22.0
34,16.0,4.0
24,13.0,33.0
38,25.0,9.0
39,56.0,8.0
24,26.0,26.0
24,21.0,15.0
17,19.0,30.0
4,8.0,19.0
10,12.0,10.0
19,30.0,39.0
26,38.0,9.0
16,9.0,14.0
14,40.0,36.0
23,12.0,38.0
20,19.0,9.0
14,13.0,12.0
31,21.0,4.0
22,20.0,18.0
19,21.0,25.0
33,32.0,25.0
23,16.0,9.0
22,12.0,41.0
27,39.0,10.0
34,43.0,6.0
36,21.0,2.0
10,49.0,1.0
17,32.0,16.0
15,12.0,35.0
28,55.0,13.0
10,13.0,11.0
19,15.0,25.0
26,37.0,10.0
10,29.0,18.0
26,22.0,8.0
6,22.0,20.0
31,19.0,19.0
30,39.0,30.0
14,30.0,9.0
10,8.0,9.0
18,19.0,19.0
47,40.0,26.0
6,32.0,6.0
15,22.0,7.0
18,16.0,16.0
27,9.0,12.0
28,19.0,39.0
17,14.0,12.0
33,14.0,12.0
34,22.0,33.0
35,27.0,13.0
28,67.0,7.0
34,22.0,22.0
29,39.0,19.0
29,9.0,18.0
22,44.0,32.0
20,15.0,15.0
18,16.0,22.0
11,18.0,45.0
23,10.0,16.0
32,32.0,9.0
9,29.0,24.0
26,15.0,19.0
11,21.0,14.0
29,39.0,28.0
28,24.0,37.0
41,37.0,11.0
20,16.0,27.0
28,46.0,16.0
31,8.0,9.0
29,34.0,22.0
20,8.0,9.0
8,32.0,33.0
28,17.0,16.0
34,40.0,15.0
37,35.0,16.0
20,31.0,32.0
20,53.0,27.0
23,36.0,15.0
25,33.0,21.0
14,16.0,36.0
37,43.0,7.0
37,13.0,18.0
19,56.0,29.0
33,32.0,26.0
26,3.0,16.0
10,25.0,23.0
21,43.0,46.0
9,11.0,8.0
25,16.0,34.0
15,8.0,8.0
35,21.0,31.0
51,20.0,8.0
29,31.0,32.0
27,30.0,25.0
10,21.0,17.0
25,4.0,40.0
15,25.0,9.0
12,17.0,31.0
51,26.0,4.0
25,5.0,26.0
16,50.0,33.0
30,27.0,28.0
40,13.0,16.0
24,27.0,14.0
22,71.0,31.0
13,44.0,32.0
16,34.0,3.0
26,18.0,30.0
10,18.0,3.0
22,37.0,11.0
19,21.0,11.0
19,43.0,8.0
18,9.0,21.0
33,19.0,27.0
10,17.0,31.0
32,25.0,30.0
37,8.0,10.0
47,55.0,21.0
50,36.0,4.0
26,38.0,42.0
23,35.0,25.0
15,32.0,17.0
56,46.0,26.0
41,23.0,14.0
19,17.0,11.0
21,27.0,20.0
18,15.0,5.0
13,15.0,22.0
37,31.0,16.0
32,33.0,27.0
17,23.0,11.0
23,5.0,13.0
17,15.0,27.0
47,46.0,44.0
73,20.0,27.0
18,54.0,18.0
21,55.0,12.0
32,8.0,37.0
42,18.0,21.0
7,16.0,17.0
8,38.0,34.0
17,22.0,5.0
22,14.0,17.0
31,25.0,12.0
15,37.0,25.0
38,15.0,8.0
17,31.0,16.0
36,38.0,18.0
6,11.0,12.0
12,18.0,35.0
8,14.0,11.0
9,21.0,4.0
14,36.0,23.0
48,31.0,17.0
33,34.0,23.0
10,40.0,27.0
30,26.0,15.0
13,26.0,38.0
17,28.0,3.0
34,52.0,15.0
31,42.0,23.0
16,42.0,15.0
24,31.0,22.0
10,45.0,8.0
18,15.0,16.0
22,5.0,23.0
9,26.0,14.0
22,32.0,35.0
12,17.0,16.0
4,28.0,14.0
20,51.0,42.0
31,12.0,38.0
13,46.0,14.0
18,6.0,21.0
13,29.0,36.0
12,21.0,31.0
28,32.0,34.0
17,36.0,40.0
23,17.0,11.0
26,56.0,28.0
37,37.0,10.0
12,40.0,8.0
7,8.0,15.0
44,48.0,5.0
60,12.0,24.0
13,48.0,17.0
29,24.0,12.0
6,29.0,6.0
8,37.0,36.0
71,13.0,27.0
9,8.0,18.0
48,20.0,11.0
24,17.0,24.0
21,46.0,12.0
16,24.0,5.0
23,5.0,8.0
30,25.0,29.0
7,18.0,13.0
12,39.0,3.0
25,43.0,24.0
29,7.0,3.0
47,20.0,18.0
39,29.0,13.0
17,30.0,8.0
31,15.0,17.0
21,24.0,24.0
32,13.0,5.0
47,53.0,7.0
14,11.0,37.0
35,9.0,7.0
26,21.0,20.0
31,4.0,29.0
12,55.0,8.0
10,33.0,30.0
40,48.0,15.0
11,12.0,13.0
29,29.0,13.0
16,18.0,20.0
32,62.0,21.0
24,28.0,9.0
12,21.0,20.0
8,11.0,21.0
34,11.0,4.0
9,32.0,4.0
20,33.0,33.0
21,18.0,12.0
17,40.0,18.0
33,23.0,22.0
48,21.0,33.0
17,13.0,20.0
16,54.0,21.0
23,7.0,24.0
16,18.0,33.0
23,34.0,18.0
29,18.0,9.0
33,5.0,11.0
33,23.0,21.0
28,40.0,13.0
26,60.0,13.0
31,12.0,22.0
15,5.0,7.0
11,13.0,27.0
9,8.0,5.0
34,22.0,23.0
23,30.0,23.0
13,61.0,10.0
26,39.0,12.0
4,58.0,5.0
16,28.0,8.0
13,28.0,22.0
29,16.0,30.0
28,24.0,16.0
48,19.0,20.0
30,33.0,21.0
28,26.0,12.0
16,39.0,9.0
26,21.0,28.0
23,30.0,23.0
14,38.0,12.0
31,40.0,16.0
28,22.0,14.0
31,30.0,29.0
31,20.0,24.0
35,10.0,9.0
23,31.0,14.0
26,25.0,26.0
33,32.0,12.0
27,24.0,11.0
12,17.0,4.0
22,29.0,17.0
26,52.0,21.0
11,51.0,8.0
51,34.0,17.0
59,7.0,30.0
8,2.0,20.0
26,24.0,18.0
30,1.0,19.0
21,36.0,10.0
25,34.0,11.0
9,28.0,22.0
33,33.0,13.0
8,10.0,31.0
34,13.0,17.0
6,7.0,29.0
34,15.0,19.0
43,13.0,2.0
15,10.0,24.0
19,8.0,1.0
27,28.0,13.0
30,34.0,23.0
25,50.0,11.0
24,48.0,28.0
39,27.0,9.0
26,38.0,14.0
41,42.0,10.0
8,39.0,13.0
8,27.0,7.0
45,27.0,13.0
13,20.0,8.0
39,22.0,9.0
35,17.0,10.0
3,9.0,18.0
41,32.0,10.0
6,20.0,8.0
11,30.0,40.0
9,25.0,28.0
14,23.0,25.0
29,36.0,22.0
45,21.0,15.0
27,2.0,26.0
12,19.0,33.0
31,32.0,32.0
7,19.0,7.0
42,12.0,5.0
20,52.0,19.0
31,28.0,27.0
11,21.0,20.0
22,12.0,28.0
6,7.0,10.0
12,23.0,1.0
32,39.0,13.0
44,5.0,22.0
22,27.0,9.0
10,17.0,20.0
26,9.0,30.0
17,27.0,25.0
35,26.0,11.0
14,36.0,14.0
33,16.0,2.0
30,24.0,19.0
13,14.0,19.0
20,43.0,19.0
13,17.0,12.0
17,40.0,27.0
31,31.0,21.0
56,30.0,14.0
33,24.0,7.0
23,31.0,29.0
17,19.0,23.0
44,8.0,5.0
39,30.0,12.0
22,32.0,17.0
36,50.0,25.0
7,17.0,36.0
45,28.0,16.0
3,43.0,19.0
17,21.0,24.0
6,8.0,8.0
34,37.0,17.0
4,22.0,31.0
29,4.0,40.0
15,17.0,20.0
38,9.0,31.0
45,17.0,17.0
10,25.0,15.0
42,21.0,8.0
25,13.0,19.0
24,16.0,29.0
9,12.0,43.0
24,19.0,21.0
27,14.0,8.0
64,40.0,3.0
27,28.0,2.0
40,22.0,4.0
30,20.0,32.0
29,36.0,9.0
13,23.0,25.0
43,28.0,29.0
11,38.0,9.0
39,35.0,15.0
16,2.0,26.0
43,25.0,13.0
38,9.0,16.0
14,14.0,12.0
9,10.0,14.0
29,48.0,17.0
45,30.0,14.0
14,48.0,28.0
37,35.0,7.0
23,18.0,23.0
25,29.0,28.0
54,22.0,9.0
29,41.0,35.0
23,49.0,2.0
35,47.0,20.0
29,23.0,27.0
34,40.0,7.0
15,13.0,14.0
43,49.0,10.0
12,27.0,48.0
30,4.0,35.0
2,23.0,18.0
29,9.0,29.0
32,35.0,22.0
43,32.0,8.0
21,34.0,7.0
10,16.0,27.0
29,40.0,28.0
31,22.0,14.0
35,25.0,15.0
24,8.0,23.0
25,14.0,13.0
38,26.0,20.0
27,22.0,5.0
26,17.0,27.0
8,17.0,23.0
35,15.0,9.0
34,13.0,26.0
12,26.0,34.0
19,6.0,16.0
0,7.0,11.0
21,17.0,22.0
25,33.0,24.0
27,18.0,17.0
18,38.0,27.0
22,11.0,31.0
23,23.0,24.0
32,40.0,17.0
22,19.0,14.0
38,13.0,11.0
24,49.0,8.0
4,33.0,16.0
29,9.0,25.0
21,39.0,33.0
20,21.0,16.0
44,31.0,17.0
30,15.0,15.0
20,17.0,13.0
27,38.0,19.0
8,35.0,6.0
14,30.0,7.0
19,23.0,12.0
22,31.0,15.0
49,20.0,18.0
63,25.0,38.0
21,43.0,17.0
52,23.0,10.0
29,45.0,30.0
5,36.0,13.0
17,48.0,4.0
33,51.0,33.0
17,31.0,9.0
47,13.0,18.0
38,39.0,24.0
45,12.0,31.0
38,31.0,15.0
40,34.0,28.0
38,38.0,17.0
10,41.0,14.0
6,17.0,15.0
32,24.0,12.0
15,38.0,27.0
16,23.0,30.0
25,55.0,23.0
8,34.0,20.0
28,29.0,20.0
24,30.0,36.0
28,14.0,13.0
37,27.0,13.0
35,10.0,31.0
32,44.0,24.0
22,36.0,17.0
12,50.0,30.0
24,27.0,18.0
31,5.0,23.0
13,30.0,38.0
37,35.0,41.0
24,36.0,23.0
27,17.0,34.0
40,13.0,8.0
68,11.0,29.0
38,26.0,14.0
60,8.0,27.0
52,31.0,9.0
42,61.0,19.0
22,41.0,10.0
27,12.0,26.0
26,28.0,27.0
10,31.0,5.0
38,37.0,9.0
16,51.0,17.0
7,20.0,13.0
19,36.0,11.0
30,33.0,26.0
24,27.0,8.0
9,16.0,17.0
30,17.0,32.0
30,4.0,17.0
21,18.0,31.0
32,25.0,29.0
30,32.0,20.0
26,21.0,12.0
10,8.0,5.0
13,10.0,14.0
24,34.0,24.0
18,21.0,26.0
40,23.0,20.0
28,40.0,33.0
22,18.0,11.0
5,21.0,32.0
24,7.0,16.0
7,18.0,17.0
12,39.0,4.0
13,17.0,18.0
33,32.0,25.0
21,13.0,21.0
27,11.0,8.0
56,11.0,29.0
24,30.0,21.0
6,24.0,23.0
46,36.0,18.0
15,27.0,21.0
58,24.0,7.0
10,9.0,18.0
13,10.0,28.0
31,14.0,39.0
11,26.0,17.0
28,13.0,3.0
26,13.0,13.0
28,34.0,11.0
55,11.0,11.0
17,27.0,9.0
18,21.0,15.0
12,12.0,14.0
33,23.0,24.0
12,23.0,11.0
7,17.0,5.0
39,4.0,6.0
19,32.0,24.0
28,35.0,9.0
26,11.0,9.0
21,48.0,10.0
16,47.0,15.0
49,27.0,29.0
34,60.0,11.0
21,15.0,14.0
22,49.0,31.0
22,22.0,13.0
53,16.0,6.0
35,27.0,11.0
4,29.0,11.0
43,27.0,12.0
52,24.0,23.0
34,32.0,15.0
16,23.0,16.0
20,35.0,22.0
10,5.0,4.0
27,26.0,33.0
8,8.0,13.0
16,33.0,14.0
51,8.0,19.0
49,26.0,12.0
32,40.0,20.0
24,30.0,31.0
17,9.0,19.0
47,10.0,11.0
39,23.0,10.0
15,40.0,33.0
47,34.0,15.0
25,14.0,27.0
24,48.0,12.0
27,27.0,7.0
50,12.0,15.0
19,28.0,22.0
31,15.0,16.0
32,32.0,3.0
16,17.0,32.0
32,14.0,27.0
25,49.0,25.0
26,7.0,29.0
25,8.0,9.0
18,38.0,24.0
27,41.0,26.0
22,6.0,5.0
56,32.0,8.0
39,15.0,33.0
26,34.0,8.0
14,11.0,26.0
22,48.0,9.0
19,18.0,17.0
18,48.0,12.0
10,5.0,10.0
30,6.0,23.0
51,36.0,26.0
32,9.0,21.0
7,16.0,29.0
7,12.0,12.0
44,26.0,28.0
41,27.0,15.0
10,32.0,30.0
13,29.0,32.0
42,23.0,3.0
50,43.0,11.0
58,37.0,5.0
24,27.0,7.0
23,27.0,8.0
15,28.0,38.0
34,40.0,6.0
23,31.0,15.0
5,24.0,11.0
5,38.0,4.0
18,25.0,5.0
29,34.0,14.0
39,29.0,14.0
14,14.0,18.0
28,26.0,6.0
33,23.0,36.0
24,8.0,9.0
24,29.0,12.0
22,13.0,12.0
31,26.0,27.0
36,25.0,12.0
26,36.0,12.0
37,7.0,21.0
51,28.0,27.0
12,30.0,27.0
43,17.0,27.0
15,13.0,19.0
24,14.0,16.0
31,4.0,8.0
19,34.0,24.0
38,7.0,22.0
13,16.0,20.0
21,8.0,25.0
7,32.0,14.0
38,17.0,28.0
15,27.0,9.0
13,42.0,30.0
24,26.0,13.0
12,56.0,33.0
19,3.0,23.0
26,37.0,8.0
19,53.0,13.0
26,57.0,26.0
20,43.0,25.0
42,34.0,18.0
36,20.0,36.0
20,24.0,10.0
7,50.0,7.0
20,22.0,6.0
34,14.0,21.0
25,10.0,17.0
24,44.0,17.0
31,36.0,13.0
21,39.0,19.0
52,10.0,20.0
10,17.0,14.0
50,16.0,10.0
9,36.0,4.0
13,42.0,16.0
25,38.0,40.0
31,22.0,7.0
16,25.0,8.0
10,15.0,16.0
41,15.0,23.0
26,32.0,14.0
24,43.0,28.0
18,14.0,9.0
16,20.0,19.0
30,46.0,27.0
43,26.0,42.0
43,27.0,7.0
25,62.0,6.0
7,7.0,6.0
36,20.0,15.0
40,16.0,24.0
35,18.0,3.0
18,49.0,34.0
36,18.0,22.0
22,18.0,7.0
48,16.0,12.0
46,9.0,22.0
23,29.0,34.0
20,38.0,11.0
10,15.0,14.0
32,58.0,15.0
10,37.0,10.0
28,2.0,7.0
5,12.0,18.0
17,9.0,10.0
29,9.0,17.0
33,37.0,16.0
19,37.0,7.0
36,33.0,25.0
9,46.0,13.0
38,14.0,15.0
12,11.0,32.0
28,34.0,17.0
4,18.0,30.0
39,51.0,14.0
10,21.0,16.0
26,51.0,20.0
27,31.0,16.0
23,45.0,23.0
29,17.0,2.0
9,5.0,27.0
39,46.0,10.0
21,19.0,7.0
6,25.0,20.0
22,31.0,16.0
18,18.0,18.0
19,17.0,2.0
34,38.0,13.0
14,9.0,18.0
13,22.0,16.0
18,54.0,9.0
54,12.0,15.0
3,14.0,37.0
30,17.0,2.0
26,29.0,11.0
31,7.0,12.0
15,21.0,11.0
54,15.0,9.0
27,15.0,6.0
37,57.0,33.0
34,18.0,46.0
23,53.0,14.0
31,55.0,11.0
27,6.0,18.0
29,10.0,31.0
15,28.0,17.0
21,25.0,28.0
22,22.0,31.0
7,56.0,20.0
26,46.0,5.0
9,13.0,28.0
22,43.0,16.0
27,28.0,19.0
22,16.0,17.0
12,25.0,46.0
25,19.0,23.0
21,27.0,2.0
38,16.0,23.0
6,26.0,14.0
20,40.0,9.0
4,15.0,31.0
10,49.0,18.0
7,39.0,17.0
40,9.0,16.0
7,29.0,11.0
12,14.0,9.0
24,16.0,28.0
26,12.0,23.0
21,57.0,21.0
50,19.0,18.0
21,21.0,22.0
23,30.0,22.0
33,8.0,23.0
26,20.0,14.0
50,9.0,21.0
44,29.0,28.0
23,50.0,28.0
38,23.0,20.0
6,51.0,33.0
24,13.0,16.0
19,33.0,7.0
28,35.0,21.0
13,14.0,13.0
11,21.0,15.0
15,6.0,15.0
16,24.0,6.0
39,4.0,10.0
36,45.0,37.0
14,16.0,25.0
27,18.0,12.0
24,52.0,25.0
28,13.0,23.0
32,10.0,13.0
21,19.0,26.0
11,16.0,28.0
22,23.0,16.0
23,56.0,27.0
24,25.0,27.0
14,20.0,16.0
11,18.0,26.0
29,27.0,40.0
29,10.0,14.0
30,9.0,21.0
41,15.0,18.0
7,10.0,10.0
39,8.0,39.0
19,11.0,21.0
41,16.0,27.0
22,41.0,11.0
32,14.0,9.0
13,34.0,9.0
20,9.0,14.0
16,8.0,11.0
30,16.0,12.0
31,36.0,7.0
35,13.0,19.0
3,53.0,21.0
23,30.0,6.0
49,35.0,30.0
39,13.0,8.0
35,15.0,10.0
39,4.0,20.0
37,7.0,12.0
46,7.0,9.0
13,14.0,29.0
25,26.0,32.0
10,13.0,11.0
6,32.0,13.0
29,21.0,33.0
20,10.0,10.0
27,22.0,8.0
14,25.0,16.0
2,9.0,6.0
10,12.0,24.0
25,54.0,14.0
43,40.0,4.0
35,22.0,22.0
20,31.0,43.0
28,54.0,16.0
18,13.0,28.0
53,4.0,24.0
18,37.0,25.0
15,21.0,13.0
25,30.0,19.0
21,35.0,10.0
44,55.0,19.0
62,23.0,40.0
17,7.0,9.0
30,31.0,13.0
3,16.0,16.0
36,7.0,21.0
26,26.0,15.0
20,13.0,20.0
52,51.0,2.0
29,26.0,18.0
21,12.0,27.0
25,13.0,14.0
15,34.0,10.0
19,61.0,9.0
17,28.0,15.0
8,22.0,11.0
11,13.0,16.0
8,37.0,14.0
8,25.0,34.0
47,29.0,9.0
38,13.0,8.0
17,18.0,16.0
36,10.0,36.0
30,29.0,9.0
37,7.0,13.0
32,15.0,29.0
25,13.0,39.0
27,22.0,35.0
29,17.0,13.0
13,5.0,4.0
34,34.0,7.0
28,47.0,14.0
19,17.0,30.0
16,5.0,15.0
27,9.0,10.0
7,21.0,22.0
38,32.0,9.0
30,1.0,21.0
27,36.0,12.0
0,29.0,40.0
15,43.0,16.0
37,31.0,18.0
6,31.0,30.0
37,16.0,18.0
27,22.0,22.0
13,8.0,31.0
35,18.0,13.0
12,42.0,4.0
20,42.0,39.0
19,26.0,6.0
28,13.0,7.0
11,13.0,17.0
20,23.0,16.0
27,6.0,10.0
39,30.0,7.0
30,19.0,26.0
22,18.0,11.0
18,38.0,13.0
26,4.0,12.0
36,16.0,32.0
19,29.0,34.0
26,26.0,17.0
32,18.0,11.0
32,18.0,28.0
21,27.0,31.0
20,38.0,19.0
29,16.0,9.0
4,29.0,24.0
24,17.0,18.0
19,21.0,7.0
18,28.0,15.0
33,22.0,13.0
37,34.0,22.0
38,17.0,17.0
33,11.0,2.0
7,17.0,5.0
23,39.0,22.0
22,30.0,17.0
18,19.0,5.0
11,40.0,9.0
8,20.0,8.0
25,20.0,36.0
26,27.0,26.0
19,18.0,11.0
51,5.0,16.0
36,16.0,7.0
18,49.0,13.0
38,19.0,1.0
41,9.0,31.0
66,22.0,31.0
23,21.0,16.0
22,15.0,8.0
78,34.0,18.0
28,32.0,42.0
40,32.0,26.0
23,25.0,13.0
20,43.0,8.0
45,3.0,29.0
51,35.0,24.0
14,27.0,4.0
17,43.0,15.0
14,21.0,19.0
19,14.0,2.0
66,34.0,21.0
54,11.0,25.0
25,7.0,9.0
31,29.0,26.0
30,32.0,18.0
3,13.0,29.0
40,38.0,16.0
25,23.0,7.0
37,11.0,17.0
30,12.0,3.0
38,29.0,28.0
11,31.0,25.0
23,40.0,17.0
17,39.0,11.0
37,26.0,12.0
19,25.0,30.0
46,7.0,20.0
36,11.0,35.0
55,14.0,15.0
48,39.0,18.0
33,31.0,5.0
29,17.0,16.0
20,12.0,18.0
1,23.0,8.0
29,21.0,17.0
19,27.0,19.0
20,36.0,21.0
31,18.0,18.0
22,3.0,22.0
11,48.0,21.0
27,12.0,34.0
30,22.0,32.0
9,22.0,17.0
23,24.0,34.0
19,9.0,11.0
25,6.0,7.0
11,30.0,29.0
51,30.0,6.0
31,49.0,13.0
18,17.0,18.0
24,3.0,18.0
19,2.0,11.0
13,57.0,12.0
33,7.0,29.0
57,13.0,31.0
38,41.0,23.0
9,42.0,26.0
21,12.0,12.0
3,46.0,7.0
19,37.0,11.0
36,10.0,9.0
25,33.0,28.0
22,39.0,17.0
16,23.0,12.0
30,32.0,23.0
23,32.0,20.0
27,10.0,21.0
11,34.0,27.0
40,7.0,32.0
19,34.0,36.0
64,15.0,28.0
24,15.0,33.0
13,20.0,31.0
12,27.0,30.0
21,11.0,3.0
26,46.0,12.0
31,29.0,28.0
40,14.0,43.0
32,26.0,24.0
17,35.0,30.0
27,20.0,9.0
45,27.0,16.0
34,15.0,31.0
52,14.0,9.0
11,21.0,6.0
38,14.0,30.0
24,18.0,18.0
29,10.0,29.0
19,14.0,18.0
63,40.0,38.0
29,27.0,17.0
17,21.0,3.0
11,29.0,2.0
22,11.0,9.0
33,15.0,12.0
17,37.0,10.0
23,5.0,39.0
18,2.0,3.0
42,28.0,27.0
33,44.0,7.0
23,32.0,32.0
4,45.0,32.0
13,32.0,10.0
39,9.0,4.0
37,24.0,7.0
22,31.0,16.0
19,18.0,20.0
11,29.0,15.0
48,40.0,27.0
40,22.0,13.0
42,18.0,29.0
29,16.0,14.0
34,11.0,14.0
34,6.0,19.0
23,25.0,35.0
22,40.0,20.0
19,12.0,18.0
13,9.0,12.0
52,30.0,38.0
34,48.0,15.0
2,14.0,14.0
25,26.0,21.0
48,40.0,41.0
28,4.0,14.0
13,36.0,18.0
16,31.0,10.0
14,24.0,3.0
33,7.0,22.0
20,19.0,14.0
22,17.0,27.0
40,6.0,21.0
3,17.0,31.0
51,28.0,28.0
36,20.0,26.0
19,15.0,28.0
15,15.0,5.0
40,22.0,28.0
10,53.0,32.0
14,29.0,45.0
23,34.0,28.0
46,33.0,29.0
14,10.0,32.0
41,27.0,35.0
49,41.0,16.0
19,24.0,9.0
24,14.0,24.0
19,18.0,18.0
11,5.0,20.0
36,37.0,7.0
20,40.0,22.0
20,29.0,18.0
15,30.0,16.0
23,3.0,18.0
13,33.0,16.0
37,29.0,11.0
14,16.0,6.0
5,21.0,13.0
8,30.0,38.0
24,12.0,8.0
24,23.0,14.0
22,22.0,30.0
28,18.0,25.0
24,17.0,9.0
66,22.0,9.0
19,30.0,30.0
9,29.0,33.0
46,14.0,21.0
30,24.0,17.0
8,12.0,6.0
35,25.0,12.0
26,32.0,24.0
19,28.0,7.0
25,10.0,23.0
21,23.0,9.0
18,19.0,19.0
21,54.0,17.0
28,37.0,15.0
11,41.0,6.0
74,24.0,28.0
12,55.0,20.0
19,52.0,15.0
30,35.0,11.0
23,31.0,13.0
27,10.0,13.0
24,39.0,7.0
31,34.0,14.0
15,26.0,18.0
22,27.0,31.0
46,25.0,5.0
4,41.0,10.0
33,15.0,30.0
42,19.0,3.0
9,14.0,16.0
53,19.0,21.0
45,34.0,19.0
29,13.0,12.0
32,58.0,22.0
8,1.0,22.0
26,12.0,24.0
15,24.0,18.0
30,1.0,17.0
19,23.0,22.0
10,19.0,14.0
20,16.0,3.0
25,20.0,8.0
39,13.0,7.0
20,14.0,17.0
24,14.0,12.0
9,11.0,25.0
24,12.0,17.0
14,23.0,9.0
36,22.0,22.0
38,28.0,4.0
35,22.0,14.0
9,14.0,40.0
42,45.0,31.0
20,14.0,24.0
17,53.0,19.0
25,18.0,39.0
12,25.0,39.0
4,47.0,36.0
21,14.0,15.0
18,4.0,19.0
25,5.0,14.0
25,19.0,38.0
9,29.0,13.0
45,36.0,21.0
41,35.0,1.0
10,57.0,24.0
67,22.0,1.0
57,31.0,23.0
24,46.0,19.0
6,16.0,20.0
2,23.0,13.0
34,10.0,14.0
34,10.0,14.0
1,13.0,27.0
31,9.0,11.0
24,20.0,12.0
42,50.0,23.0
51,17.0,10.0
16,52.0,31.0
35,19.0,5.0
13,27.0,31.0
25,34.0,28.0
11,34.0,13.0
56,33.0,15.0
26,17.0,41.0
36,15.0,24.0
27,5.0,38.0
32,36.0,20.0
21,13.0,12.0
25,25.0,9.0
10,40.0,18.0
18,29.0,10.0
19,28.0,4.0
8,16.0,20.0
12,18.0,19.0
20,14.0,16.0
19,8.0,30.0
64,13.0,17.0
57,27.0,9.0
30,41.0,10.0
38,24.0,37.0
9,28.0,35.0
33,29.0,22.0
19,13.0,31.0
9,21.0,11.0
40,6.0,20.0
12,13.0,16.0
19,10.0,23.0
26,19.0,18.0
41,30.0,10.0
13,7.0,10.0
21,43.0,13.0
6,56.0,3.0
7,5.0,9.0
20,14.0,20.0
21,21.0,17.0
32,50.0,26.0
16,41.0,27.0
12,35.0,34.0
39,18.0,6.0
21,36.0,17.0
43,29.0,15.0
18,12.0,22.0
13,29.0,5.0
21,9.0,29.0
35,32.0,16.0
12,15.0,14.0
49,14.0,13.0
32,27.0,27.0
12,24.0,32.0
55,45.0,5.0
33,28.0,24.0
13,37.0,28.0
15,38.0,30.0
7,19.0,13.0
37,15.0,21.0
29,33.0,6.0
22,24.0,24.0
22,13.0,30.0
19,6.0,18.0
39,9.0,19.0
27,26.0,29.0
30,11.0,25.0
18,42.0,5.0
32,25.0,14.0
8,5.0,26.0
19,27.0,31.0
15,32.0,32.0
40,32.0,35.0
32,10.0,10.0
22,12.0,18.0
45,22.0,9.0
16,25.0,22.0
9,15.0,36.0
24,33.0,12.0
19,24.0,20.0
14,37.0,40.0
14,23.0,22.0
22,39.0,17.0
28,34.0,28.0
37,14.0,14.0
34,34.0,12.0
11,16.0,24.0
23,9.0,14.0
27,14.0,38.0
16,11.0,28.0
40,29.0,19.0
9,18.0,15.0
67,42.0,13.0
22,22.0,24.0
39,23.0,6.0
9,59.0,6.0
44,44.0,9.0
33,15.0,11.0
16,52.0,25.0
15,22.0,17.0
16,12.0,6.0
18,49.0,19.0
18,12.0,11.0
29,20.0,5.0
10,50.0,24.0
32,36.0,30.0
29,16.0,32.0
27,34.0,32.0
15,11.0,10.0
21,25.0,20.0
36,39.0,25.0
7,23.0,28.0
33,32.0,15.0
39,53.0,25.0
24,12.0,23.0
34,39.0,24.0
18,21.0,27.0
37,11.0,18.0
29,38.0,37.0
26,13.0,37.0
16,17.0,24.0
23,16.0,13.0
46,15.0,23.0
8,8.0,17.0
32,15.0,12.0
58,19.0,9.0
34,4.0,21.0
8,18.0,9.0
31,39.0,18.0
8,16.0,2.0
45,15.0,11.0
32,12.0,29.0
17,7.0,27.0
25,33.0,22.0
17,4.0,22.0
40,36.0,23.0
9,5.0,26.0
35,13.0,8.0
31,20.0,16.0
53,43.0,18.0
4,10.0,20.0
36,27.0,15.0
44,15.0,22.0
26,25.0,22.0
33,13.0,26.0
28,20.0,12.0
16,67.0,12.0
43,16.0,20.0
17,55.0,10.0
14,43.0,20.0
31,28.0,4.0
13,16.0,34.0
56,6.0,11.0
32,40.0,25.0
3,25.0,12.0
25,23.0,21.0
43,13.0,16.0
20,43.0,19.0
14,26.0,11.0
43,45.0,15.0
30,45.0,8.0
30,29.0,21.0
3,48.0,39.0
11,51.0,15.0
20,28.0,36.0
11,14.0,19.0
16,20.0,4.0
8,19.0,18.0
21,31.0,8.0
20,21.0,12.0
27,9.0,22.0
38,14.0,7.0
31,17.0,10.0
30,51.0,4.0
10,14.0,27.0
21,17.0,36.0
4,43.0,9.0
42,37.0,26.0
25,17.0,5.0
17,14.0,33.0
26,19.0,10.0
14,10.0,27.0
28,13.0,38.0
11,22.0,20.0
20,18.0,16.0
5,28.0,28.0
28,19.0,16.0
50,7.0,6.0
22,41.0,25.0
16,15.0,23.0
16,21.0,26.0
27,30.0,20.0
11,24.0,13.0
16,15.0,12.0
13,9.0,45.0
27,24.0,19.0
71,22.0,9.0
12,38.0,29.0
27,31.0,29.0
19,33.0,14.0
30,17.0,20.0
44,22.0,19.0
27,4.0,21.0
24,24.0,18.0
34,41.0,16.0
18,42.0,4.0
18,12.0,9.0
12,31.0,14.0
37,19.0,17.0
21,14.0,21.0
17,14.0,12.0
20,25.0,14.0
30,36.0,17.0
34,34.0,43.0
43,8.0,19.0
9,25.0,2.0
19,23.0,18.0
5,9.0,10.0
17,44.0,4.0
20,33.0,13.0
31,47.0,18.0
17,6.0,28.0
12,12.0,19.0
25,48.0,17.0
8,13.0,7.0
55,11.0,14.0
36,22.0,12.0
16,15.0,24.0
18,20.0,18.0
8,11.0,25.0
21,29.0,15.0
12,56.0,21.0
38,29.0,10.0
35,31.0,15.0
48,16.0,15.0
32,13.0,9.0
11,50.0,9.0
4,32.0,17.0
46,31.0,22.0
23,32.0,38.0
40,7.0,16.0
17,34.0,31.0
23,23.0,4.0
17,10.0,24.0
27,26.0,20.0
25,17.0,12.0
36,42.0,19.0
15,29.0,14.0
38,66.0,14.0
3,26.0,7.0
22,35.0,18.0
15,50.0,23.0
33,45.0,8.0
31,46.0,23.0
25,5.0,21.0
33,25.0,16.0
23,28.0,30.0
5,16.0,28.0
15,30.0,6.0
46,25.0,12.0
20,12.0,26.0
44,52.0,13.0
54,18.0,11.0
55,16.0,22.0
22,46.0,31.0
8,17.0,16.0
18,30.0,14.0
16,26.0,11.0
38,32.0,15.0
23,12.0,0.0
14,17.0,9.0
26,48.0,31.0
22,33.0,29.0
35,52.0,14.0
16,24.0,33.0
69,14.0,24.0
14,40.0,11.0
25,31.0,40.0
37,9.0,29.0
42,18.0,12.0
15,9.0,16.0
31,26.0,25.0
38,31.0,24.0
11,28.0,13.0
18,11.0,10.0
14,8.0,7.0
21,33.0,34.0
36,20.0,23.0
31,37.0,18.0
34,55.0,10.0
40,38.0,6.0
11,42.0,17.0
57,35.0,18.0
26,11.0,14.0
17,22.0,19.0
26,35.0,16.0
28,13.0,26.0
52,21.0,5.0
14,6.0,25.0
10,41.0,16.0
42,19.0,30.0
42,16.0,31.0
8,5.0,22.0
31,31.0,12.0
45,45.0,18.0
33,30.0,27.0
15,8.0,4.0
43,60.0,17.0
10,17.0,7.0
5,24.0,15.0
24,9.0,32.0
23,12.0,20.0
26,9.0,16.0
21,38.0,15.0
32,19.0,6.0
17,13.0,32.0
28,41.0,24.0
51,38.0,17.0
12,23.0,26.0
38,52.0,14.0
31,22.0,31.0
46,31.0,6.0
6,31.0,9.0
29,41.0,9.0
21,13.0,22.0
32,28.0,31.0
34,25.0,28.0
36,29.0,8.0
16,38.0,11.0
27,2.0,37.0
24,22.0,17.0
18,12.0,21.0
36,24.0,20.0
17,31.0,8.0
11,14.0,31.0
56,47.0,13.0
24,21.0,9.0
37,37.0,11.0
12,26.0,24.0
5,32.0,7.0
40,46.0,11.0
8,25.0,22.0
48,39.0,35.0
12,6.0,13.0
29,21.0,4.0
13,24.0,6.0
28,19.0,19.0
3,17.0,16.0
48,34.0,5.0
36,18.0,16.0
27,30.0,8.0
24,58.0,18.0
24,7.0,14.0
29,24.0,10.0
3,21.0,19.0
37,29.0,9.0
18,20.0,12.0
42,10.0,9.0
13,25.0,13.0
33,34.0,25.0
8,14.0,31.0
53,18.0,31.0
20,4.0,15.0
17,27.0,13.0
26,30.0,28.0
46,54.0,15.0
24,26.0,2.0
5,20.0,22.0
7,8.0,12.0
25,21.0,24.0
18,55.0,31.0
7,25.0,11.0
37,48.0,10.0
39,29.0,22.0
35,2.0,25.0
21,22.0,7.0
26,32.0,21.0
43,12.0,28.0
7,5.0,20.0
20,26.0,24.0
29,18.0,5.0
29,32.0,19.0
8,32.0,34.0
30,22.0,33.0
15,33.0,18.0
24,38.0,30.0
13,27.0,7.0
53,26.0,24.0
13,15.0,30.0
20,38.0,21.0
28,31.0,20.0
11,32.0,10.0
21,10.0,27.0
9,29.0,14.0
20,14.0,26.0
21,48.0,4.0
4,14.0,5.0
55,42.0,23.0
54,32.0,26.0
4,23.0,8.0
33,36.0,21.0
48,21.0,23.0
12,25.0,25.0
29,30.0,7.0
18,15.0,29.0
22,25.0,20.0
23,46.0,2.0
16,18.0,22.0
25,25.0,32.0
33,13.0,15.0
20,22.0,12.0
26,22.0,5.0
19,33.0,16.0
62,13.0,9.0
28,20.0,22.0
36,40.0,30.0
21,70.0,18.0
11,26.0,32.0
11,55.0,27.0
32,13.0,15.0
24,23.0,20.0
11,33.0,26.0
33,11.0,19.0
28,33.0,21.0
18,18.0,27.0
40,4.0,29.0
13,54.0,17.0
9,30.0,26.0
23,21.0,29.0
18,37.0,14.0
11,23.0,21.0
21,42.0,16.0
13,9.0,14.0
22,32.0,32.0
54,29.0,37.0
13,11.0,16.0
22,32.0,23.0
14,30.0,17.0
7,45.0,36.0
18,25.0,10.0
34,24.0,21.0
27,39.0,25.0
18,20.0,25.0
5,24.0,3.0
23,22.0,18.0
40,33.0,7.0
23,34.0,17.0
10,18.0,13.0
60,25.0,22.0
12,21.0,13.0
5,15.0,20.0
35,29.0,26.0
13,27.0,23.0
8,6.0,11.0
22,49.0,34.0
30,11.0,9.0
16,39.0,19.0
20,18.0,18.0
68,38.0,4.0
61,24.0,14.0
21,19.0,20.0
39,28.0,37.0
58,25.0,7.0
12,16.0,8.0
9,18.0,36.0
36,10.0,32.0
28,24.0,15.0
24,24.0,29.0
23,14.0,13.0
12,15.0,11.0
28,15.0,30.0
16,13.0,36.0
47,23.0,24.0
14,30.0,24.0
29,34.0,22.0
24,81.0,23.0
19,31.0,34.0
9,28.0,18.0
32,16.0,25.0
14,39.0,21.0
33,37.0,29.0
26,12.0,6.0
12,25.0,17.0
11,41.0,28.0
4,22.0,11.0
39,26.0,18.0
33,17.0,19.0
17,43.0,28.0
21,23.0,25.0
30,57.0,25.0
8,32.0,16.0
38,30.0,9.0
14,45.0,10.0
40,13.0,24.0
17,21.0,24.0
23,35.0,18.0
22,22.0,13.0
30,29.0,24.0
20,30.0,11.0
18,15.0,23.0
19,43.0,30.0
10,31.0,34.0
11,22.0,31.0
31,25.0,14.0
25,16.0,37.0
32,19.0,12.0
22,28.0,31.0
13,11.0,14.0
12,38.0,22.0
24,17.0,19.0
31,18.0,8.0
17,9.0,40.0
29,16.0,36.0
52,36.0,13.0
44,13.0,21.0
51,53.0,15.0
34,16.0,19.0
7,9.0,35.0
31,46.0,30.0
19,21.0,22.0
28,13.0,30.0
37,21.0,25.0
2,27.0,16.0
24,31.0,22.0
1,14.0,15.0
28,11.0,25.0
36,25.0,19.0
13,9.0,5.0
23,41.0,15.0
11,10.0,3.0
12,14.0,11.0
34,35.0,28.0
28,19.0,19.0
33,16.0,17.0
9,17.0,4.0
14,17.0,13.0
10,34.0,16.0
30,27.0,7.0
54,32.0,16.0
13,17.0,26.0
7,27.0,46.0
15,30.0,27.0
8,16.0,37.0
13,19.0,10.0
8,34.0,13.0
9,40.0,21.0
62,11.0,27.0
10,10.0,14.0
18,21.0,22.0
10,15.0,11.0
8,23.0,10.0
40,38.0,25.0
28,50.0,9.0
15,16.0,15.0
9,29.0,9.0
25,33.0,10.0
34,38.0,14.0
26,47.0,20.0
38,24.0,19.0
22,13.0,16.0
22,21.0,34.0
15,7.0,27.0
26,11.0,20.0
50,38.0,15.0
33,32.0,18.0
32,32.0,36.0
7,16.0,12.0
48,20.0,11.0
25,15.0,33.0
27,20.0,10.0
38,19.0,15.0
42,14.0,20.0
5,38.0,7.0
29,37.0,16.0
42,30.0,28.0
19,39.0,13.0
39,4.0,45.0
39,26.0,13.0
27,25.0,24.0
33,24.0,13.0
27,29.0,7.0
20,23.0,21.0
28,18.0,14.0
26,30.0,7.0
10,9.0,11.0
1,21.0,32.0
36,37.0,31.0
26,26.0,31.0
13,26.0,5.0
22,36.0,14.0
17,28.0,16.0
66,12.0,30.0
9,8.0,6.0
32,20.0,15.0
20,25.0,20.0
30,19.0,19.0
25,4.0,14.0
11,15.0,29.0
23,31.0,12.0
36,46.0,7.0
14,12.0,4.0
21,52.0,26.0
29,22.0,10.0
2,15.0,29.0
19,6.0,18.0
32,23.0,15.0
19,10.0,9.0
17,7.0,21.0
44,18.0,37.0
19,8.0,3.0
38,5.0,26.0
12,21.0,10.0
52,40.0,26.0
4,22.0,28.0
27,21.0,12.0
28,39.0,12.0
21,43.0,26.0
14,22.0,23.0
12,14.0,16.0
7,39.0,8.0
49,24.0,8.0
29,28.0,8.0
23,40.0,19.0
39,32.0,18.0
5,22.0,15.0
27,33.0,9.0
12,31.0,7.0
49,49.0,12.0
17,47.0,6.0
9,6.0,15.0
29,39.0,15.0
27,46.0,15.0
25,36.0,6.0
26,15.0,10.0
36,32.0,10.0
16,37.0,7.0
19,26.0,18.0
24,46.0,8.0
14,8.0,5.0
48,10.0,10.0
16,51.0,19.0
43,22.0,21.0
8,19.0,42.0
17,48.0,24.0
38,4.0,21.0
31,5.0,22.0
40,36.0,16.0
20,10.0,22.0
31,14.0,14.0
30,46.0,24.0
29,27.0,26.0
24,53.0,17.0
35,26.0,22.0
17,16.0,31.0
11,23.0,18.0
15,20.0,6.0
31,16.0,13.0
10,15.0,11.0
28,13.0,15.0
19,11.0,25.0
16,21.0,17.0
8,50.0,8.0
19,21.0,10.0
30,60.0,44.0
29,16.0,20.0
32,26.0,22.0
49,39.0,19.0
50,15.0,13.0
17,21.0,4.0
28,24.0,5.0
43,12.0,36.0
21,21.0,18.0
44,14.0,10.0
16,29.0,14.0
8,22.0,20.0
37,15.0,27.0
3,12.0,17.0
2,16.0,23.0
21,29.0,36.0
22,11.0,14.0
26,33.0,14.0
4,40.0,33.0
17,13.0,5.0
32,23.0,7.0
9,52.0,44.0
17,12.0,15.0
17,29.0,13.0
25,,11.0
44,,21.0
29,,21.0
9,,14.0
15,,39.0
21,,20.0
26,,21.0
13,,24.0
34,,18.0
13,,12.0
37,,21.0
16,,14.0
12,,22.0
19,,14.0
34,,15.0
14,,12.0
17,,11.0
14,,16.0
40,,29.0
28,,11.0
31,,19.0
22,,14.0
20,,13.0
7,,12.0
36,,22.0
23,,29.0
28,,
38,,
9,,
35,,
40,,
2,,
35,,
41,,
37,,
25,,
22,,
20,,
12,,
42,,
9,,
27,,
7,,
27,,
14,,
10,,
48,,
30,,
48,,
35,,
31,,
32,,
18,,
29,,
22,,
8,,
7,,
22,,
13,,
18,,
27,,
41,,
31,,
27,,
28,,
14,,
4,,
15,,
49,,
47,,
23,,
40,,
13,,
20,,
49,,
5,,
30,,
27,,
4,,
36,,
23,,
75,,
9,,
35,,
32,,
26,,
34,,
16,,
40,,
23,,
11,,
22,,
24,,
17,,
27,,
25,,
31,,
13,,
51,,
24,,
8,,
17,,
23,,
14,,
38,,
26,,
11,,
35,,
8,,
16,,
41,,
25,,
22,,
33,,
16,,
17,,
17,,
15,,
6,,
13,,
26,,
24,,
19,,
6,,
7,,
12,,
17,,
15,,
33,,
18,,
38,,
33,,
11,,
23,,
40,,
17,,
10,,
30,,
24,,
19,,
55,,
13,,
49,,
4,,
33,,
9,,
33,,
11,,
18,,
37,,
39,,
21,,
24,,
50,,
31,,
15,,
28,,
17,,
14,,
15,,
41,,
35,,
12,,
24,,
27,,
38,,
35,,
30,,
23,,
31,,
20,,
10,,
20,,
25,,
12,,
48,,
43,,
23,,
45,,
14,,
36,,
48,,
51,,
31,,
13,,
39,,
12,,
13,,
35,,
31,,
24,,
34,,
17,,
43,,
23,,
30,,
18,,
23,,
38,,
41,,
17,,
24,,
38,,
34,,
23,,
19,,
16,,
53,,
55,,
34,,
34,,
11,,
22,,
25,,
8,,
29,,
30,,
14,,
27,,
10,,
51,,
9,,
19,,
10,,
44,,
18,,
36,,
40,,
50,,
26,,
27,,
5,,
30,,
9,,
35,,
36,,
17,,
13,,
11,,
26,,
8,,
17,,
32,,
17,,
31,,
29,,
61,,
20,,
21,,
41,,
28,,
12,,
5,,
28,,
31,,
37,,
20,,
22,,
34,,
14,,
24,,
26,,
51,,
20,,
36,,
33,,
14,,
27,,
11,,
32,,
16,,
17,,
4,,
18,,
25,,
32,,
21,,
8,,
30,,
10,,
34,,
29,,
21,,
23,,
40,,
27,,
24,,
16,,
18,,
21,,
7,,
7,,
18,,
28,,
39,,
28,,
17,,
47,,
32,,
3,,
13,,
46,,
11,,
45,,
11,,
25,,
9,,
30,,
15,,
14,,
24,,
11,,
37,,
39,,
36,,
5,,
43,,
6,,
27,,
24,,
9,,
9,,
10,,
15,,
29,,
11,,
14,,
26,,
31,,
13,,
13,,
34,,
37,,
27,,
6,,
11,,
11,,
27,,
38,,
32,,
21,,
12,,
23,,
15,,
23,,
27,,
17,,
16,,
40,,
22,,
4,,
53,,
33,,
29,,
13,,
22,,
32,,
14,,
7,,
19,,
29,,
12,,
20,,
31,,
19,,
19,,
35,,
11,,
48,,
13,,
10,,
33,,
15,,
47,,
60,,
27,,
12,,
60,,
13,,
7,,
15,,
49,,
22,,
34,,
16,,
3,,
29,,
45,,
24,,
32,,
27,,
12,,
25,,
25,,
7,,
29,,
27,,
9,,
24,,
26,,
32,,
23,,
35,,
38,,
5,,
26,,
22,,
8,,
33,,
8,,
26,,
40,,
30,,
30,,
9,,
17,,
12,,
10,,
23,,
26,,
40,,
21,,
29,,
34,,
14,,
48,,
27,,
12,,
28,,
15,,
30,,
36,,
49,,
32,,
33,,
23,,
3,,
28,,
17,,
14,,
11,,
36,,
5,,
49,,
14,,
7,,
8,,
38,,
41,,
6,,
32,,
15,,
34,,
11,,
48,,
18,,
21,,
48,,
4,,
5,,
14,,
14,,
33,,
18,,
6,,
36,,
9,,
48,,
16,,
12,,
26,,
33,,
31,,
12,,
27,,
32,,
12,,
29,,
23,,
43,,
18,,
12,,
37,,
21,,
27,,
37,,
27,,
27,,
28,,
27,,
19,,
31,,
16,,
61,,
40,,
31,,
8,,
11,,
24,,
22,,
38,,
20,,
25,,
19,,
34,,
29,,
21,,
14,,
28,,
17,,
9,,
30,,
13,,
26,,
18,,
33,,
23,,
39,,
8,,
29,,
13,,
26,,
25,,
18,,
36,,
10,,
31,,
7,,
6,,
21,,
17,,
26,,
28,,
30,,
17,,
13,,
19,,
20,,
24,,
21,,
14,,
10,,
4,,
16,,
47,,
27,,
34,,
40,,
7,,
16,,
8,,
16,,
23,,
20,,
32,,
14,,
17,,
31,,
28,,
65,,
9,,
19,,
27,,
42,,
49,,
7,,
26,,
23,,
56,,
25,,
28,,
6,,
6,,
15,,
24,,
3,,
39,,
37,,
34,,
22,,
53,,
25,,
57,,
7,,
12,,
30,,
22,,
43,,
34,,
20,,
34,,
22,,
34,,
11,,
24,,
50,,
22,,
15,,
36,,
14,,
15,,
10,,
44,,
36,,
7,,
18,,
9,,
39,,
10,,
17,,
16,,
7,,
36,,
42,,
27,,
38,,
22,,
14,,
44,,
44,,
25,,
13,,
15,,
41,,
15,,
32,,
43,,
17,,
30,,
14,,
17,,
16,,
52,,
47,,
20,,
26,,
16,,
17,,
9,,
23,,
46,,
2,,
26,,
27,,
10,,
47,,
62,,
7,,
20,,
16,,
18,,
49,,
37,,
31,,
2,,
18,,
22,,
13,,
18,,
16,,
11,,
9,,
29,,
20,,
38,,
15,,
58,,
42,,
20,,
37,,
24,,
2,,
11,,
12,,
11,,
30,,
9,,
9,,
37,,
40,,
37,,
6,,
33,,
25,,
46,,
14,,
11,,
34,,
38,,
45,,
34,,
18,,
31,,
17,,
51,,
38,,
21,,
18,,
28,,
51,,
31,,
20,,
45,,
17,,
5,,
28,,
37,,
35,,
27,,
16,,
19,,
17,,
25,,
46,,
19,,
23,,
2,,
23,,
14,,
30,,
19,,
25,,
9,,
31,,
18,,
17,,
38,,
38,,
16,,
16,,
35,,
11,,
9,,
28,,
23,,
22,,
54,,
39,,
21,,
46,,
18,,
22,,
12,,
22,,
12,,
23,,
14,,
21,,
13,,
28,,
17,,
28,,
20,,
33,,
32,,
29,,
16,,
7,,
25,,
21,,
37,,
13,,
15,,
28,,
15,,
31,,
57,,
18,,
53,,
55,,
6,,
10,,
37,,
29,,
25,,
12,,
28,,
25,,
22,,
23,,
56,,
46,,
13,,
26,,
43,,
28,,
16,,
27,,
30,,
25,,
19,,
33,,
27,,
16,,
26,,
40,,
14,,
43,,
21,,
18,,
19,,
28,,
30,,
10,,
15,,
49,,
39,,
21,,
27,,
11,,
11,,
9,,
51,,
9,,
29,,
14,,
11,,
41,,
16,,
12,,
18,,
13,,
57,,
30,,
7,,
19,,
13,,
21,,
37,,
34,,
6,,
30,,
8,,
29,,
10,,
20,,
12,,
9,,
18,,
29,,
32,,
28,,
50,,
23,,
11,,
51,,
13,,
13,,
33,,
35,,
14,,
41,,
21,,
30,,
10,,
8,,
21,,
31,,
16,,
6,,
25,,
24,,
14,,
4,,
22,,
43,,
45,,
16,,
28,,
25,,
33,,
18,,
25,,
24,,
25,,
52,,
13,,
19,,
49,,
19,,
10,,
19,,
40,,
9,,
13,,
16,,
23,,
39,,
21,,
15,,
45,,
50,,
40,,
56,,
59,,
42,,
18,,
25,,
20,,
2,,
18,,
27,,
14,,
10,,
9,,
18,,
29,,
55,,
28,,
15,,
10,,
8,,
44,,
11,,
16,,
41,,
25,,
14,,
14,,
34,,
9,,
20,,
8,,
16,,
14,,
36,,
9,,
13,,
28,,
29,,
24,,
39,,
53,,
30,,
38,,
30,,
35,,
13,,
15,,
4,,
7,,
34,,
7,,
14,,
26,,
13,,
32,,
30,,
21,,
15,,
10,,
22,,
21,,
25,,
9,,
43,,
12,,
26,,
40,,
21,,
12,,
28,,
62,,
54,,
40,,
39,,
29,,
16,,
17,,
18,,
35,,
30,,
18,,
23,,
22,,
31,,
42,,
54,,
13,,
4,,
42,,
39,,
37,,
29,,
21,,
30,,
35,,
55,,
63,,
23,,
6,,
7,,
17,,
31,,
21,,
24,,
16,,
10,,
7,,
26,,
11,,
13,,
51,,
26,,
12,,
33,,
32,,
13,,
34,,
17,,
11,,
28,,
31,,
19,,
61,,
28,,
22,,
53,,
18,,
36,,
13,,
34,,
37,,
27,,
25,,
29,,
9,,
24,,
13,,
18,,
20,,
10,,
29,,
23,,
7,,
15,,
41,,
35,,
20,,
27,,
12,,
13,,
16,,
22,,
17,,
2,,
5,,
34,,
47,,
22,,
17,,
5,,
9,,
27,,
8,,
36,,
26,,
21,,
11,,
16,,
20,,
25,,
19,,
49,,
57,,
7,,
32,,
13,,
1,,
70,,
17,,
36,,
29,,
43,,
31,,
31,,
16,,
22,,
8,,
18,,
42,,
42,,
26,,
13,,
13,,
8,,
47,,
29,,
23,,
6,,
24,,
30,,
19,,
18,,
38,,
4,,
16,,
9,,
15,,
28,,
19,,
2,,
29,,
41,,
44,,
21,,
22,,
26,,
18,,
25,,
9,,
26,,
18,,
18,,
29,,
17,,
27,,
38,,
16,,
29,,
7,,
17,,
21,,
7,,
3,,
55,,
21,,
45,,
28,,
25,,
37,,
22,,
34,,
17,,
11,,
17,,
24,,
12,,
39,,
30,,
19,,
40,,
20,,
35,,
20,,
15,,
23,,
27,,
27,,
18,,
5,,
16,,
57,,
18,,
8,,
17,,
49,,
19,,
21,,
22,,
18,,
9,,
22,,
30,,
67,,
21,,
15,,
28,,
34,,
32,,
4,,
44,,
32,,
45,,
25,,
43,,
3,,
35,,
17,,
27,,
43,,
21,,
14,,
34,,
11,,
7,,
13,,
29,,
6,,
48,,
41,,
32,,
13,,
38,,
36,,
18,,
18,,
23,,
12,,
11,,
12,,
17,,
29,,
31,,
23,,
40,,
53,,
39,,
21,,
26,,
12,,
25,,
26,,
7,,
11,,
14,,
9,,
39,,
31,,
36,,
28,,
17,,
12,,
23,,
20,,
46,,
21,,
27,,
32,,
36,,
28,,
33,,
10,,
29,,
11,,
31,,
12,,
18,,
45,,
30,,
3,,
48,,
12,,
21,,
22,,
28,,
43,,
22,,
24,,
30,,
9,,
23,,
16,,
31,,
9,,
6,,
18,,
30,,
8,,
18,,
29,,
29,,
18,,
30,,
49,,
33,,
32,,
31,,
18,,
38,,
20,,
17,,
3,,
40,,
2,,
57,,
7,,
9,,
74,,
13,,
41,,
42,,
12,,
26,,
46,,
37,,
10,,
33,,
39,,
18,,
3,,
35,,
23,,
28,,
34,,
27,,
7,,
32,,
32,,
50,,
10,,
12,,
4,,
30,,
34,,
7,,
16,,
20,,
34,,
15,,
25,,
15,,
20,,
27,,
36,,
11,,
46,,
13,,
29,,
14,,
14,,
19,,
26,,
35,,
20,,
22,,
37,,
18,,
12,,
27,,
38,,
15,,
14,,
21,,
41,,
21,,
14,,
18,,
10,,
3,,
25,,
22,,
14,,
65,,
40,,
27,,
21,,
27,,
16,,
23,,
18,,
29,,
12,,
31,,
28,,
26,,
29,,
32,,
11,,
15,,
28,,
37,,
47,,
5,,
2,,
28,,
44,,
32,,
23,,
45,,
28,,
29,,
14,,
32,,
25,,
35,,
9,,
16,,
9,,
24,,
31,,
18,,
29,,
20,,
7,,
21,,
40,,
22,,
18,,
47,,
16,,
18,,
27,,
43,,
16,,
11,,
6,,
13,,
13,,
34,,
37,,
38,,
29,,
8,,
14,,
12,,
33,,
30,,
53,,
25,,
34,,
9,,
40,,
12,,
9,,
30,,
33,,
21,,
48,,
14,,
17,,
26,,
6,,
40,,
28,,
30,,
12,,
4,,
33,,
36,,
31,,
24,,
7,,
23,,
9,,
19,,
17,,
15,,
6,,
17,,
33,,
28,,
49,,
20,,
37,,
15,,
15,,
11,,
22,,
53,,
31,,
29,,
34,,
57,,
13,,
33,,
13,,
33,,
30,,
16,,
10,,
7,,
27,,
41,,
22,,
24,,
18,,
14,,
18,,
31,,
5,,
37,,
40,,
28,,
29,,
10,,
30,,
13,,
3,,
40,,
33,,
16,,
29,,
36,,
17,,
16,,
21,,
30,,
19,,
12,,
23,,
22,,
58,,
16,,
22,,
24,,
51,,
18,,
17,,
23,,
22,,
30,,
43,,
29,,
14,,
3,,
38,,
37,,
8,,
7,,
24,,
17,,
31,,
12,,
25,,
32,,
28,,
59,,
16,,
10,,
23,,
17,,
9,,
19,,
54,,
51,,
37,,
41,,
22,,
24,,
55,,
52,,
35,,
4,,
14,,
40,,
31,,
24,,
19,,
39,,
10,,
39,,
34,,
26,,
24,,
27,,
32,,
25,,
33,,
26,,
36,,
41,,
15,,
16,,
37,,
14,,
19,,
14,,
19,,
34,,
38,,
13,,
36,,
21,,
58,,
1,,
12,,
25,,
41,,
53,,
24,,
47,,
25,,
1,,
23,,
19,,
16,,
20,,
13,,
14,,
14,,
52,,
32,,
27,,
11,,
12,,
13,,
23,,
22,,
10,,
31,,
5,,
49,,
17,,
31,,
28,,
13,,
15,,
26,,
41,,
24,,
38,,
39,,
22,,
14,,
20,,
45,,
12,,
25,,
9,,
14,,
53,,
18,,
20,,
25,,
47,,
33,,
17,,
14,,
22,,
10,,
4,,
20,,
5,,
19,,
29,,
16,,
37,,
30,,
17,,
39,,
9,,
10,,
37,,
36,,
35,,
19,,
57,,
22,,
31,,
11,,
20,,
46,,
37,,
12,,
16,,
19,,
23,,
18,,
10,,
10,,
13,,
3,,
42,,
9,,
20,,
50,,
17,,
26,,
52,,
19,,
27,,
34,,
34,,
6,,
33,,
17,,
76,,
15,,
22,,
38,,
5,,
36,,
13,,
25,,
40,,
19,,
29,,
28,,
16,,
18,,
14,,
8,,
13,,
27,,
41,,
32,,
5,,
24,,
28,,
28,,
30,,
29,,
13,,
21,,
21,,
48,,
30,,
6,,
24,,
30,,
13,,
18,,
44,,
10,,
19,,
32,,
30,,
7,,
16,,
29,,
43,,
67,,
18,,
56,,
25,,
24,,
5,,
14,,
21,,
48,,
26,,
31,,
50,,
26,,
7,,
32,,
41,,
38,,
35,,
25,,
29,,
10,,
37,,
18,,
9,,
22,,
17,,
36,,
29,,
12,,
20,,
33,,
29,,
9,,
26,,
40,,
22,,
34,,
17,,
32,,
52,,
28,,
15,,
14,,
12,,
27,,
24,,
14,,
45,,
36,,
38,,
37,,
28,,
54,,
37,,
38,,
19,,
15,,
33,,
24,,
13,,
24,,
6,,
6,,
9,,
26,,
11,,
42,,
25,,
40,,
25,,
17,,
6,,
19,,
11,,
17,,
5,,
24,,
27,,
30,,
32,,
32,,
10,,
20,,
27,,
60,,
12,,
12,,
22,,
22,,
25,,
29,,
53,,
14,,
38,,
28,,
15,,
25,,
23,,
26,,
22,,
33,,
24,,
27,,
18,,
37,,
37,,
17,,
24,,
13,,
23,,
39,,
34,,
35,,
8,,
17,,
12,,
59,,
9,,
36,,
14,,
21,,
34,,
11,,
16,,
9,,
18,,
18,,
14,,
25,,
2,,
11,,
29,,
27,,
18,,
42,,
22,,
55,,
7,,
22,,
23,,
20,,
17,,
26,,
8,,
16,,
59,,
44,,
27,,
18,,
7,,
20,,
15,,
22,,
52,,
38,,
22,,
39,,
26,,
12,,
49,,
12,,
20,,
50,,
32,,
10,,
20,,
9,,
36,,
7,,
4,,
16,,
34,,
11,,
19,,
24,,
25,,
39,,
39,,
23,,
31,,
32,,
22,,
53,,
12,,
20,,
2,,
39,,
14,,
45,,
21,,
16,,
19,,
43,,
11,,
38,,
13,,
22,,
17,,
16,,
36,,
15,,
8,,
21,,
18,,
39,,
15,,
36,,
19,,
4,,
18,,
31,,
39,,
8,,
33,,
16,,
15,,
12,,
22,,
11,,
7,,
10,,
33,,
37,,
4,,
32,,
27,,
42,,
64,,
44,,
36,,
9,,
27,,
26,,
26,,
5,,
32,,
40,,
13,,
20,,
43,,
33,,
10,,
27,,
15,,
36,,
4,,
22,,
25,,
45,,
11,,
13,,
20,,
33,,
38,,
33,,
20,,
13,,
67,,
34,,
44,,
16,,
55,,
5,,
43,,
28,,
52,,
16,,
6,,
40,,
24,,
25,,
23,,
26,,
36,,
6,,
32,,
20,,
13,,
12,,
43,,
26,,
29,,
7,,
45,,
19,,
45,,
9,,
40,,
29,,
29,,
48,,
10,,
27,,
32,,
51,,
33,,
39,,
25,,
28,,
14,,
20,,
22,,
19,,
21,,
30,,
18,,
16,,
31,,
38,,
4,,
21,,
17,,
9,,
14,,
17,,
45,,
21,,
21,,
12,,
51,,
14,,
17,,
32,,
18,,
55,,
38,,
43,,
43,,
37,,
17,,
14,,
19,,
2,,
18,,
49,,
10,,
4,,
29,,
13,,
27,,
22,,
18,,
31,,
28,,
32,,
13,,
19,,
17,,
7,,
14,,
41,,
12,,
23,,
25,,
31,,
24,,
18,,
25,,
15,,
21,,
30,,
10,,
39,,
31,,
30,,
24,,
15,,
24,,
15,,
9,,
9,,
30,,
18,,
23,,
24,,
16,,
17,,
22,,
22,,
42,,
38,,
16,,
13,,
31,,
33,,
17,,
22,,
21,,
4,,
24,,
20,,
41,,
42,,
50,,
12,,
31,,
19,,
24,,
14,,
14,,
25,,
36,,
34,,
7,,
16,,
18,,
22,,
23,,
8,,
8,,
45,,
25,,
23,,
29,,
21,,
50,,
43,,
16,,
9,,
44,,
33,,
47,,
30,,
28,,
6,,
12,,
38,,
26,,
48,,
13,,
11,,
22,,
15,,
30,,
31,,
16,,
14,,
33,,
20,,
11,,
15,,
15,,
0,,
45,,
9,,
31,,
29,,
56,,
20,,
14,,
39,,
33,,
24,,
11,,
40,,
29,,
12,,
31,,
16,,
25,,
24,,
49,,
13,,
50,,
32,,
31,,
24,,
32,,
10,,
7,,
34,,
25,,
23,,
18,,
10,,
6,,
26,,
17,,
42,,
29,,
18,,
14,,
19,,
56,,
66,,
26,,
13,,
35,,
50,,
16,,
45,,
46,,
26,,
5,,
27,,
50,,
25,,
28,,
16,,
30,,
31,,
25,,
22,,
12,,
52,,
18,,
27,,
27,,
11,,
16,,
46,,
4,,
17,,
7,,
15,,
32,,
53,,
30,,
20,,
16,,
18,,
52,,
15,,
23,,
6,,
26,,
38,,
32,,
24,,
12,,
44,,
36,,
17,,
26,,
4,,
11,,
25,,
48,,
33,,
52,,
24,,
14,,
40,,
24,,
31,,
6,,
9,,
18,,
43,,
9,,
22,,
26,,
31,,
28,,
8,,
11,,
37,,
17,,
8,,
24,,
18,,
21,,
33,,
20,,
37,,
34,,
8,,
31,,
13,,
55,,
9,,
11,,
38,,
24,,
7,,
42,,
47,,
35,,
11,,
22,,
35,,
13,,
21,,
51,,
4,,
6,,
41,,
23,,
24,,
19,,
16,,
15,,
5,,
35,,
26,,
31,,
16,,
45,,
30,,
8,,
18,,
14,,
60,,
17,,
10,,
19,,
14,,
46,,
17,,
24,,
9,,
39,,
30,,
21,,
12,,
9,,
38,,
19,,
13,,
41,,
38,,
23,,
52,,
49,,
43,,
22,,
23,,
25,,
31,,
42,,
31,,
34,,
15,,
41,,
23,,
24,,
13,,
28,,
25,,
29,,
38,,
48,,
38,,
48,,
15,,
24,,
2,,
22,,
12,,
24,,
31,,
14,,
25,,
28,,
47,,
11,,
10,,
21,,
37,,
27,,
22,,
17,,
26,,
32,,
46,,
23,,
30,,
25,,
46,,
7,,
55,,
39,,
6,,
21,,
28,,
20,,
24,,
23,,
33,,
5,,
19,,
22,,
17,,
34,,
25,,
34,,
33,,
18,,
30,,
58,,
12,,
7,,
24,,
30,,
21,,
29,,
20,,
10,,
25,,
27,,
34,,
14,,
18,,
26,,
4,,
5,,
27,,
23,,
66,,
23,,
30,,
54,,
26,,
20,,
8,,
16,,
21,,
23,,
55,,
25,,
7,,
48,,
29,,
16,,
28,,
20,,
26,,
2,,
22,,
9,,
32,,
21,,
15,,
11,,
12,,
5,,
16,,
48,,
9,,
22,,
30,,
26,,
18,,
32,,
32,,
22,,
27,,
22,,
46,,
40,,
15,,
20,,
14,,
34,,
46,,
26,,
19,,
33,,
21,,
38,,
42,,
27,,
26,,
15,,
38,,
29,,
17,,
31,,
32,,
22,,
28,,
26,,
28,,
10,,
48,,
29,,
29,,
14,,
48,,
30,,
21,,
16,,
14,,
42,,
32,,
48,,
37,,
16,,
23,,
36,,
17,,
34,,
36,,
10,,
21,,
25,,
30,,
15,,
25,,
21,,
3,,
46,,
45,,
18,,
8,,
25,,
7,,
17,,
13,,
22,,
22,,
33,,
23,,
13,,
29,,
20,,
27,,
40,,
70,,
26,,
55,,
30,,
13,,
23,,
33,,
11,,
33,,
34,,
9,,
28,,
19,,
18,,
4,,
54,,
30,,
44,,
38,,
14,,
21,,
20,,
47,,
37,,
23,,
10,,
38,,
57,,
7,,
42,,
5,,
9,,
8,,
36,,
32,,
15,,
16,,
29,,
13,,
30,,
44,,
11,,
32,,
30,,
45,,
36,,
25,,
31,,
14,,
45,,
24,,
39,,
20,,
24,,
22,,
39,,
23,,
33,,
34,,
18,,
25,,
21,,
15,,
18,,
27,,
29,,
38,,
27,,
29,,
6,,
49,,
17,,
28,,
11,,
14,,
39,,
18,,
38,,
24,,
14,,
38,,
19,,
31,,
51,,
35,,
28,,
25,,
25,,
16,,
38,,
26,,
9,,
18,,
10,,
24,,
24,,
41,,
14,,
15,,
15,,
38,,
18,,
13,,
24,,
11,,
23,,
20,,
23,,
30,,
34,,
81,,
29,,
31,,
33,,
28,,
16,,
34,,
14,,
39,,
37,,
12,,
38,,
31,,
21,,
25,,
14,,
41,,
22,,
23,,
26,,
17,,
17,,
21,,
43,,
23,,
57,,
26,,
19,,
8,,
32,,
40,,
30,,
45,,
36,,
13,,
38,,
21,,
15,,
19,,
35,,
31,,
30,,
25,,
22,,
29,,
22,,
10,,
30,,
32,,
15,,
43,,
31,,
22,,
25,,
16,,
22,,
15,,
42,,
32,,
25,,
19,,
5,,
28,,
15,,
3,,
11,,
38,,
28,,
19,,
17,,
18,,
9,,
16,,
37,,
4,,
36,,
60,,
13,,
53,,
16,,
56,,
7,,
20,,
16,,
26,,
41,,
9,,
46,,
27,,
21,,
37,,
10,,
13,,
44,,
21,,
27,,
31,,
14,,
22,,
11,,
10,,
25,,
44,,
9,,
41,,
15,,
9,,
35,,
34,,
10,,
14,,
20,,
19,,
35,,
19,,
36,,
16,,
17,,
17,,
26,,
40,,
34,,
27,,
27,,
20,,
15,,
50,,
32,,
18,,
44,,
17,,
27,,
55,,
25,,
29,,
30,,
16,,
27,,
19,,
39,,
36,,
46,,
34,,
40,,
12,,
11,,
33,,
10,,
21,,
15,,
20,,
23,,
38,,
7,,
50,,
25,,
16,,
29,,
33,,
28,,
13,,
38,,
25,,
47,,
45,,
21,,
13,,
31,,
24,,
13,,
7,,
21,,
14,,
7,,
11,,
38,,
32,,
32,,
31,,
31,,
5,,
14,,
16,,
20,,
30,,
6,,
36,,
15,,
20,,
19,,
58,,
14,,
36,,
29,,
30,,
38,,
12,,
37,,
7,,
30,,
39,,
4,,
26,,
25,,
10,,
24,,
29,,
49,,
23,,
18,,
30,,
15,,
9,,
21,,
37,,
14,,
3,,
26,,
10,,
26,,
36,,
28,,
12,,
12,,
26,,
23,,
16,,
8,,
8,,
8,,
20,,
25,,
10,,
34,,
33,,
19,,
4,,
18,,
15,,
14,,
31,,
46,,
9,,
7,,
34,,
12,,
52,,
6,,
22,,
18,,
15,,
15,,
15,,
6,,
23,,
29,,
10,,
10,,
7,,
18,,
25,,
8,,
27,,
22,,
5,,
10,,
19,,
19,,
21,,
29,,
42,,
40,,
45,,
24,,
22,,
21,,
13,,
39,,
30,,
43,,
25,,
28,,
22,,
16,,
22,,
14,,
39,,
24,,
28,,
26,,
17,,
40,,
32,,
22,,
33,,
31,,
40,,
49,,
34,,
18,,
47,,
6,,
13,,
17,,
11,,
39,,
46,,
36,,
16,,
15,,
22,,
25,,
52,,
32,,
37,,
23,,
17,,
26,,
25,,
23,,
46,,
8,,
10,,
51,,
44,,
20,,
36,,
32,,
29,,
29,,
22,,
29,,
22,,
33,,
37,,
19,,
13,,
48,,
33,,
4,,
5,,
36,,
18,,
10,,
14,,
20,,
14,,
46,,
27,,
17,,
53,,
23,,
26,,
36,,
14,,
14,,
16,,
33,,
27,,
23,,
25,,
5,,
20,,
42,,
43,,
7,,
44,,
16,,
41,,
18,,
36,,
15,,
35,,
13,,
11,,
21,,
50,,
21,,
60,,
31,,
43,,
16,,
19,,
14,,
49,,
26,,
39,,
15,,
20,,
21,,
56,,
44,,
24,,
18,,
12,,
21,,
14,,
29,,
22,,
14,,
15,,
12,,
11,,
16,,
29,,
37,,
13,,
11,,
19,,
14,,
33,,
40,,
32,,
22,,
13,,
43,,
23,,
23,,
34,,
52,,
36,,
44,,
12,,
22,,
43,,
29,,
38,,
