No escape,Age-dependant escape,Age-independant escape
26,19,26
19,5,13
5,13,81
13,30,23
30,15,10
81,23,23
15,25,14
27,19,11
23,7,12
10,14,27
23,7,18
25,5,7
19,32,25
21,11,14
7,25,24
14,12,13
7,15,19
20,18,22
5,7,80
32,19,22
11,22,30
25,22,46
12,16,31
27,19,21
29,17,49
15,31,16
19,21,13
18,34,41
7,1,51
25,32,4
14,4,6
24,6,39
14,33,22
13,21,33
19,10,43
22,20,21
80,19,10
22,10,38
16,13,19
22,1,34
30,14,13
46,9,1
58,15,15
19,5,25
23,20,43
35,7,36
17,21,6
31,6,57
21,7,36
49,33,15
31,13,33
17,3,17
16,26,28
34,17,51
13,9,9
1,9,42
41,21,22
51,30,10
13,27,27
32,24,21
4,21,30
6,6,27
39,30,8
22,11,34
33,27,39
43,39,35
21,10,29
10,20,20
38,17,6
20,6,31
19,16,44
34,6,51
10,4,24
13,16,22
1,11,4
14,11,19
9,16,16
15,33,11
5,23,16
20,26,33
7,15,23
25,43,13
30,30,26
21,11,33
19,23,18
43,39,43
36,7,33
9,15,30
6,13,29
33,19,7
57,13,17
7,14,29
33,7,13
13,39,19
36,23,39
25,8,12
15,22,14
33,1,7
3,31,30
26,28,23
8,23,19
21,11,8
35,19,22
17,10,22
38,27,30
39,16,17
28,22,39
51,20,31
45,21,27
9,32,23
42,8,19
56,29,29
15,4,10
9,38,35
21,34,39
22,26,35
30,25,10
10,19,21
19,15,33
27,18,19
24,47,37
49,22,4
21,19,47
6,18,34
30,9,64
11,32,26
19,33,29
27,7,48
8,27,50
34,4,24
39,1,29
19,23,18
35,22,29
29,23,44
10,21,35
20,14,45
17,30,14
40,13,33
6,13,48
31,21,25
44,18,27
51,11,30
43,27,51
16,13,23
24,7,29
22,25,30
6,24,53
4,17,13
19,11,13
16,15,36
11,15,45
11,11,18
18,9,27
53,6,13
16,33,35
33,7,34
23,12,7
13,25,10
26,20,25
33,3,11
18,18,5
15,32,45
43,14,11
33,31,40
17,6,9
30,7,6
29,4,43
11,20,12
23,38,20
39,10,3
7,20,28
16,18,48
17,2,49
29,28,50
53,23,14
15,27,21
13,12,6
19,18,3
39,18,7
12,15,29
14,3,4
13,15,38
33,13,10
14,17,2
7,23,28
30,15,23
39,2,27
23,24,19
19,14,27
8,29,48
22,17,15
22,12,3
36,24,27
30,6,17
1,18,39
27,24,23
32,8,15
17,36,24
8,17,14
39,13,12
40,25,12
31,18,24
21,22,6
27,12,18
28,16,36
23,16,13
11,14,25
19,16,22
29,19,12
10,12,16
35,26,35
39,22,25
35,27,41
10,3,16
27,23,12
45,29,41
16,10,27
22,24,3
20,10,29
21,10,20
32,10,10
8,30,32
49,19,10
29,22,45
33,23,45
19,20,19
57,20,24
37,17,30
4,23,51
38,17,20
32,29,43
47,11,27
17,13,19
34,4,29
64,2,31
26,7,22
25,21,34
19,15,18
15,31,14
29,15,35
48,13,15
50,29,25
24,9,31
14,32,57
29,19,15
18,17,13
26,25,56
37,24,9
44,28,32
29,29,45
47,14,17
22,3,17
19,27,24
18,33,37
44,7,31
35,21,28
36,20,37
45,17,28
9,28,33
32,18,28
14,8,47
33,19,39
48,10,44
25,29,21
7,9,14
21,22,19
46,15,9
14,5,22
27,17,19
30,23,31
20,16,5
30,24,30
4,24,17
51,9,16
1,5,58
23,25,34
22,12,55
23,24,24
21,38,9
17,11,31
14,13,5
29,4,33
30,27,25
5,10,24
53,21,12
13,14,12
29,31,13
47,7,27
13,23,33
21,11,10
36,16,17
15,28,16
45,11,54
52,17,36
18,16,15
11,35,23
30,9,23
27,23,23
13,38,11
35,10,25
34,41,25
7,17,16
10,7,28
25,30,11
11,19,25
31,19,22
5,7,16
24,32,38
17,15,33
45,10,18
41,2,9
11,26,40
15,25,51
15,24,38
15,19,10
14,27,27
47,9,17
40,9,35
11,5,33
9,12,7
31,17,30
9,2,19
6,28,19
33,16,7
39,12,15
33,16,45
29,8,32
43,25,42
46,10,41
37,30,41
22,23,25
7,13,24
12,15,12
25,39,19
20,21,18
3,8,27
28,10,55
16,42,9
18,18,40
48,25,53
32,23,5
49,4,12
50,31,17
33,15,2
21,32,16
14,10,12
31,35,8
21,21,10
6,17,30
3,23,23
7,34,41
40,12,39
29,19,37
4,11,33
20,1,10
49,12,16
38,12,18
10,8,58
12,12,25
20,32,23
26,20,4
18,25,26
2,6,32
21,23,34
30,46,10
28,4,40
45,11,35
23,23,17
27,29,23
19,3,34
12,34,34
18,44,11
27,6,1
18,6,12
48,18,45
15,21,8
3,6,12
27,26,22
15,8,13
13,24,6
17,18,19
17,7,39
39,3,22
40,11,4
23,14,23
15,18,34
2,20,18
24,29,6
14,17,6
29,16,39
17,13,18
12,17,21
12,14,6
24,18,10
35,13,25
6,15,24
18,8,18
24,15,7
8,32,11
36,19,35
17,2,20
13,9,14
34,18,29
16,24,17
25,13,16
43,11,23
22,24,14
18,20,8
22,22,23
12,24,6
16,9,19
16,9,58
35,16,24
25,17,27
41,17,23
14,5,20
16,16,22
19,20,24
12,5,9
26,16,17
41,19,30
22,13,20
27,18,5
3,4,19
23,18,18
29,7,4
10,22,39
24,35,18
29,13,24
43,3,31
32,14,22
43,32,40
20,20,18
10,28,20
32,30,20
10,31,44
45,14,25
45,13,67
19,8,25
10,16,30
24,11,31
30,24,14
19,24,50
22,24,32
23,15,51
20,37,13
51,10,31
20,24,8
43,4,11
19,16,24
50,26,24
27,8,17
19,17,15
27,4,33
17,35,15
23,6,19
19,21,24
17,26,4
33,18,16
29,30,8
11,24,23
13,6,55
31,10,35
22,25,18
4,10,24
2,17,6
18,5,10
34,15,25
51,20,10
18,11,51
14,29,25
16,14,15
19,19,20
7,27,11
26,31,32
35,15,29
21,7,14
15,21,10
25,20,19
31,28,12
16,20,35
57,16,31
36,15,23
15,39,15
13,19,7
29,8,20
56,24,31
29,9,48
9,14,13
32,27,38
19,4,30
42,37,53
45,20,22
36,13,39
17,26,29
17,8,19
25,31,8
24,16,24
37,14,9
20,19,28
31,17,14
73,22,43
28,34,20
37,29,26
29,31,8
14,8,31
28,35,16
3,23,20
27,7,17
33,3,31
28,7,30
47,32,8
39,30,23
7,36,29
44,9,7
21,18,12
20,9,30
17,13,32
28,21,28
23,8,11
18,13,28
18,21,9
14,12,18
20,4,9
40,18,24
8,21,26
19,5,20
19,29,53
10,22,4
29,32,18
9,10,21
22,32,27
19,13,25
31,16,29
15,5,10
5,15,5
5,20,15
30,37,12
17,24,28
23,14,25
16,12,17
58,28,13
34,25,10
24,13,37
55,15,32
41,10,23
24,10,11
9,16,42
31,28,13
14,23,22
5,11,26
33,22,15
25,13,37
33,23,23
24,20,16
12,26,22
13,26,26
12,16,31
31,6,25
24,27,20
38,15,25
11,14,42
31,25,3
13,3,21
4,21,9
27,13,25
33,9,37
10,25,26
30,35,38
10,26,14
47,16,48
17,31,8
28,8,13
16,13,38
32,38,11
54,11,2
21,2,47
14,28,28
31,22,34
7,6,26
36,26,4
35,4,12
15,24,4
6,26,23
23,4,28
23,40,21
43,23,13
23,28,23
11,21,9
25,13,22
25,15,33
16,9,22
27,33,30
28,11,34
11,21,12
25,30,16
22,12,37
17,34,20
16,11,9
23,20,24
35,20,24
38,9,38
33,24,7
18,7,32
9,8,8
19,25,25
23,34,10
40,27,34
37,21,27
51,11,20
38,13,11
10,17,17
27,9,23
38,23,8
41,36,23
17,8,27
35,23,19
33,14,4
7,8,25
30,27,24
19,19,12
19,4,13
7,8,29
32,24,21
26,14,23
5,26,23
29,14,40
15,24,10
19,12,40
67,22,17
10,13,20
59,25,23
45,23,27
32,17,12
42,20,31
41,27,44
2,12,24
36,31,28
41,14,35
26,34,34
25,25,16
24,34,3
12,3,20
19,47,16
18,31,47
27,7,38
27,8,25
55,34,13
9,14,12
40,16,52
9,19,30
53,15,34
37,27,36
25,8,15
14,17,8
5,9,24
29,20,26
28,23,9
12,12,20
9,14,23
17,10,12
2,19,39
28,13,23
16,26,43
12,7,36
16,42,13
8,23,36
9,16,29
25,13,26
10,8,39
30,11,29
23,6,7
13,8,51
15,11,13
41,8,64
39,23,32
55,19,36
37,24,8
49,8,19
9,4,19
40,4,24
33,27,8
21,26,40
46,9,18
8,15,24
10,16,16
42,10,48
16,28,15
18,15,7
58,32,51
25,28,16
23,27,9
23,27,32
49,31,60
4,21,9
31,10,52
22,30,27
15,5,55
26,34,37
32,14,31
34,26,65
10,21,18
40,31,30
35,30,14
21,9,26
17,14,36
29,26,31
23,10,18
36,15,36
34,20,9
12,35,50
34,3,21
19,10,26
11,20,10
1,24,20
26,8,57
12,19,3
45,9,25
12,17,25
8,15,8
12,29,19
32,37,9
37,13,17
22,24,42
20,13,19
31,25,15
13,33,29
25,29,30
33,29,13
34,9,24
6,10,56
19,26,29
39,30,9
23,3,35
22,21,10
15,25,29
46,6,40
4,20,14
11,39,26
23,3,30
29,7,38
3,28,3
34,17,21
44,10,23
18,9,25
6,16,6
6,38,20
39,9,31
18,15,26
21,24,28
6,8,17
10,14,9
25,20,23
26,12,9
8,9,15
24,23,19
18,23,20
43,14,12
7,9,9
3,10,23
24,19,23
19,27,14
11,28,9
25,36,10
35,31,30
20,18,36
14,14,31
18,35,32
20,13,18
29,36,35
17,17,19
16,36,13
13,27,36
17,5,43
23,21,5
14,3,8
18,8,18
13,22,22
15,13,13
8,4,46
15,10,19
23,25,8
32,32,39
6,8,41
13,10,10
19,14,21
38,27,52
58,26,43
64,13,27
41,13,22
34,24,47
20,17,43
2,19,17
9,6,6
18,18,35
24,3,19
72,35,13
27,33,6
13,13,9
23,6,44
11,44,40
24,18,25
20,21,24
22,28,30
24,9,15
14,34,9
9,20,18
9,14,39
16,19,31
17,27,35
12,7,54
17,5,31
29,21,34
30,19,20
5,2,22
7,26,14
40,3,32
49,12,27
16,3,31
20,23,5
49,27,21
20,7,28
5,28,35
16,15,55
19,14,12
13,18,23
18,12,16
4,15,7
26,17,28
39,30,22
18,7,24
7,31,57
24,23,12
39,14,30
31,21,30
22,23,7
25,21,31
35,25,23
40,18,14
13,11,22
3,11,21
18,10,58
14,4,23
46,36,25
51,8,11
32,39,11
20,15,10
33,26,8
20,23,36
44,36,32
13,26,45
25,22,18
67,9,9
60,41,41
24,19,6
25,7,29
28,11,25
30,22,3
31,33,48
33,24,30
14,6,22
50,29,22
32,29,10
19,32,24
51,3,45
40,16,42
13,22,16
35,22,39
31,5,22
30,6,29
8,17,19
16,8,21
11,28,14
24,22,38
24,19,14
24,18,11
17,19,9
15,35,17
33,22,13
15,14,23
37,14,21
54,14,42
19,11,24
10,9,30
24,6,17
4,17,34
16,18,16
26,20,46
24,23,21
11,21,8
22,42,12
8,12,23
22,24,40
17,26,39
26,30,22
4,15,23
23,34,12
33,16,38
55,8,33
35,6,29
30,35,27
34,12,8
6,23,12
21,23,17
42,22,6
26,23,24
25,12,25
18,20,28
30,5,20
24,10,15
6,11,23
10,27,23
25,27,20
10,8,26
17,19,16
51,40,13
5,25,36
21,6,30
25,7,32
15,25,24
20,20,46
11,15,18
32,15,25
24,23,13
63,24,27
29,23,25
29,20,34
14,16,33
10,31,12
19,13,4
27,36,38
12,30,8
35,36,8
35,32,28
31,18,34
48,27,36
23,44,34
15,25,37
34,2,35
7,9,13
21,15,26
32,12,27
52,22,18
20,4,17
31,8,31
48,8,31
28,28,14
13,34,25
20,38,55
63,19,27
38,37,12
39,6,33
16,7,9
30,13,25
15,26,33
53,3,24
22,27,24
39,18,33
29,17,12
19,31,14
8,9,20
38,25,45
24,25,47
54,18,58
9,24,18
15,14,28
66,20,20
28,18,22
14,6,7
27,39,15
4,22,10
43,20,27
37,9,32
16,15,13
20,27,26
28,13,8
6,8,20
13,14,25
44,25,4
32,27,21
26,12,25
8,18,16
31,4,46
12,21,11
16,16,30
30,7,3
26,11,27
14,13,27
19,3,25
20,27,26
17,25,34
22,26,13
34,34,12
36,13,35
29,12,23
31,35,33
30,33,8
8,18,13
47,33,44
35,8,66
23,27,10
17,22,53
29,13,59
7,28,28
3,27,24
7,33,16
32,10,37
39,24,14
12,38,9
26,16,37
30,14,38
32,9,12
36,31,16
28,1,19
45,20,12
11,12,25
36,16,23
28,12,24
9,23,22
18,25,49
9,20,10
13,19,44
21,23,23
32,24,11
23,13,61
21,11,20
8,10,36
38,22,12
13,23,6
21,11,25
21,26,31
24,40,21
26,30,27
20,4,20
53,20,19
12,36,26
4,12,27
18,12,30
21,6,32
5,10,13
27,25,10
25,24,25
20,31,12
29,21,28
13,20,19
22,22,15
32,7,7
10,27,22
32,27,13
13,29,19
16,26,22
5,27,66
15,30,14
20,12,15
37,34,26
24,13,14
14,10,11
12,25,16
46,12,22
43,30,38
28,12,33
28,28,17
25,19,17
17,15,19
13,7,22
15,22,47
10,13,27
26,14,10
50,7,27
10,9,17
37,14,38
33,15,28
16,18,19
32,31,12
28,14,32
42,20,23
23,18,39
21,11,12
16,16,48
11,17,23
42,4,29
46,20,20
13,37,45
8,27,8
22,26,26
26,10,9
15,28,60
37,19,14
13,12,42
23,6,30
16,20,42
22,28,8
20,12,15
26,11,36
26,30,20
45,36,9
14,29,48
16,8,41
31,20,16
6,8,35
25,22,10
27,9,8
15,14,39
20,8,19
14,15,29
25,36,32
42,9,63
3,16,43
21,15,10
13,10,21
9,8,2
40,33,16
25,19,10
33,29,36
35,32,21
37,24,35
28,21,35
28,2,22
64,17,13
26,32,23
16,24,42
38,36,17
14,21,6
48,35,16
31,8,25
8,13,29
13,23,32
19,13,22
38,15,41
11,6,6
36,16,26
2,9,22
47,25,18
28,23,30
18,22,12
22,12,22
6,27,10
37,31,29
34,22,49
26,6,17
4,26,23
12,12,19
43,23,28
55,14,31
24,18,19
26,18,38
4,3,44
40,34,13
23,7,5
28,12,25
21,22,27
13,23,25
15,18,5
31,7,20
23,10,45
9,10,10
22,30,17
49,15,2
33,13,21
11,23,22
21,18,24
22,3,28
30,19,7
34,5,19
12,25,18
34,7,7
11,5,40
16,20,20
20,20,38
37,10,20
20,20,16
9,17,35
24,12,40
24,2,23
33,21,45
38,22,44
7,24,39
32,28,30
8,7,19
25,18,53
10,7,36
34,20,44
27,38,42
21,6,27
20,9,10
11,25,17
13,16,32
17,45,12
9,39,11
46,7,6
23,30,22
23,17,47
36,19,20
35,36,14
8,10,1
23,17,52
37,11,15
14,6,6
8,22,54
36,9,27
27,30,34
49,8,28
19,12,40
4,14,24
8,11,21
24,35,29
25,19,34
14,17,31
26,25,4
14,1,11
64,6,29
24,17,14
22,28,34
26,27,8
14,21,36
77,33,33
38,34,19
12,21,56
22,4,35
13,11,37
29,29,26
42,14,27
21,8,40
25,11,14
23,39,26
37,33,17
22,19,66
18,21,49
23,35,19
40,21,15
10,38,14
40,26,27
17,27,22
20,40,39
23,26,12
27,25,19
12,14,10
31,36,22
39,12,32
14,35,12
44,22,5
34,23,21
24,12,32
21,5,21
28,21,16
25,23,23
35,21,55
34,23,29
12,24,16
16,4,36
3,8,6
20,29,18
16,29,4
47,27,16
31,16,21
38,36,24
25,6,22
13,19,24
12,18,9
52,20,17
30,13,18
20,4,45
7,16,6
8,20,42
34,18,30
14,24,13
36,24,10
16,9,44
19,18,26
8,6,37
15,5,37
27,30,26
8,22,28
24,13,17
42,10,39
20,16,14
36,22,21
17,26,28
26,19,9
9,37,11
8,11,17
12,28,10
20,14,22
23,21,13
12,23,18
12,28,22
14,9,15
10,11,36
39,17,35
37,10,26
23,16,27
43,28,29
36,22,38
19,13,44
13,26,26
36,22,24
29,23,43
26,15,11
35,35,39
39,26,28
37,44,17
29,24,36
7,34,23
42,26,23
24,4,21
51,26,9
23,30,35
16,17,15
6,36,6
13,14,26
64,23,31
20,23,33
8,10,33
32,21,6
32,9,33
36,32,20
22,6,27
11,15,5
6,12,27
40,16,15
27,6,45
13,28,5
8,40,40
19,14,19
36,3,31
11,33,41
31,33,27
41,27,8
11,5,5
31,19,27
8,7,17
23,15,28
27,20,6
19,21,23
24,5,37
8,40,32
60,27,45
4,8,13
40,5,63
18,22,42
4,27,14
24,6,12
16,23,43
48,13,13
27,1,47
26,42,4
9,14,10
26,34,7
15,12,12
29,25,32
32,4,23
7,7,1
37,12,28
51,10,33
27,23,19
16,1,27
10,14,26
28,2,23
23,27,37
16,16,28
28,23,11
44,37,32
9,9,9
15,15,30
32,18,19
28,14,25
60,20,36
9,19,34
52,4,43
27,25,17
55,3,42
37,15,23
53,16,12
28,17,10
47,14,28
29,23,32
27,13,12
31,12,7
21,26,31
65,22,23
10,20,19
18,10,18
30,32,6
5,19,22
34,13,29
14,19,37
26,12,7
13,14,43
21,9,22
36,7,4
31,31,20
30,14,11
18,22,44
36,18,8
54,6,58
9,22,25
29,29,26
50,18,33
21,13,17
14,7,31
26,22,32
50,44,43
10,4,12
15,20,18
42,32,26
20,11,49
35,44,9
57,24,32
3,8,59
25,17,34
29,31,17
10,21,34
44,20,33
20,26,6
24,21,12
25,18,11
27,32,5
8,9,28
6,14,42
19,28,24
9,17,30
17,20,13
42,35,29
19,6,50
19,11,26
15,5,37
29,28,34
37,24,37
30,30,31
13,15,52
24,14,16
13,32,16
15,24,31
25,40,12
29,33,10
33,31,35
24,16,37
33,30,21
56,16,21
29,31,28
29,12,32
46,19,55
48,4,35
9,19,28
35,17,55
10,11,12
29,13,32
40,19,5
14,10,32
26,28,54
30,17,32
38,33,15
3,12,36
21,5,33
23,32,24
25,23,15
6,32,11
17,42,32
20,30,27
31,24,30
26,5,34
39,15,9
3,31,13
7,16,28
28,30,30
10,32,33
17,19,34
10,5,28
9,6,26
16,13,40
38,20,28
23,9,2
38,13,13
9,28,7
15,6,16
24,22,34
21,21,19
8,40,12
14,28,15
19,2,25
20,13,5
29,7,26
12,25,25
9,11,23
23,15,60
32,25,16
23,5,16
14,26,20
44,23,15
9,16,24
10,16,3
19,20,28
27,15,35
30,24,45
28,3,3
36,20,19
31,17,41
32,17,26
18,4,22
32,11,14
14,35,28
35,6,11
19,3,9
13,26,33
36,14,34
17,11,2
43,31,17
36,11,20
39,2,26
25,26,16
27,18,45
5,33,4
41,10,15
21,7,21
39,34,40
3,13,32
8,16,41
18,2,41
46,17,12
22,17,21
13,20,31
46,26,7
22,16,22
19,45,24
4,4,29
10,15,29
38,23,13
25,21,17
32,10,29
8,26,29
39,31,23
41,40,23
25,30,14
10,33,28
21,9,10
35,12,34
52,21,16
43,7,26
38,22,29
14,24,56
46,20,19
21,39,35
27,16,21
22,13,31
47,17,18
26,29,31
13,38,29
43,23,18
13,38,15
19,16,27
24,26,15
17,32,18
19,19,27
6,10,30
18,21,15
3,38,5
35,12,24
29,18,41
33,19,23
19,9,26
13,29,56
6,26,2
17,15,10
9,29,23
44,15,25
40,18,23
25,8,10
24,31,24
47,14,29
30,5,18
15,25,31
9,23,40
25,26,19
18,21,27
18,2,14
39,16,30
20,21,12
31,5,19
30,16,27
35,17,31
21,4,22
24,3,62
54,10,35
31,11,18
28,23,13
9,23,20
34,3,5
20,28,23
22,16,31
14,24,36
32,29,23
19,18,23
27,18,31
7,13,15
31,6,14
5,27,21
21,18,19
19,12,12
55,36,32
28,19,11
35,31,20
2,22,10
26,12,46
35,16,31
41,17,4
55,7,6
3,13,47
12,13,9
3,20,23
5,42,57
23,5,14
16,23,25
27,31,27
23,23,11
7,23,32
28,15,14
15,19,18
22,26,22
44,40,13
32,21,59
14,12,34
29,11,31
27,10,13
48,8,27
18,9,16
24,26,14
57,4,15
12,6,25
30,22,52
15,9,29
17,23,30
30,14,26
7,15,26
31,25,24
23,11,28
14,9,42
34,27,18
44,13,5
22,24,9
21,11,36
42,28,22
58,14,57
16,30,12
23,16,14
21,18,14
25,13,28
16,12,28
18,13,42
11,27,52
11,16,46
10,14,26
4,34,34
36,25,40
8,29,20
39,26,20
15,26,22
26,25,25
21,24,14
46,33,32
23,10,26
36,5,28
32,9,34
22,36,18
45,39,13
36,28,5
26,28,27
22,7,12
18,28,13
9,17,17
41,21,28
25,28,23
21,40,30
22,12,22
19,20,33
7,14,26
11,20,21
22,16,6
33,25,26
24,14,12
32,18,11
6,20,22
29,33,27
29,32,60
40,5,24
25,26,7
32,40,6
3,11,10
48,18,28
16,5,21
30,12,12
22,13,60
22,28,17
5,14,34
39,21,59
6,23,11
10,22,20
24,14,33
45,26,33
17,31,10
42,6,30
16,12,33
8,11,7
28,19,5
39,14,34
22,34,19
29,15,35
19,27,29
19,7,12
33,6,23
42,10,22
18,36,25
19,13,12
21,6,11
35,8,9
22,12,6
14,11,13
14,8,19
45,6,40
38,15,37
14,40,14
11,22,20
9,10,18
6,12,9
17,19,24
18,22,5
13,15,21
20,22,38
39,30,19
23,11,36
21,7,11
5,7,24
14,5,24
42,13,61
12,16,28
24,19,15
26,35,4
30,12,24
15,42,57
17,22,16
34,25,29
24,21,15
16,1,38
46,12,41
21,15,19
8,21,52
6,13,64
35,26,15
12,19,11
23,19,7
41,33,45
40,11,23
23,19,21
39,13,29
22,37,17
23,13,21
12,14,26
10,14,17
38,7,35
20,9,57
33,10,14
29,24,45
5,5,45
9,21,20
10,8,22
11,14,21
27,13,28
27,11,22
8,4,34
19,16,29
12,29,34
40,5,26
17,12,25
25,15,30
21,33,9
38,7,14
6,20,42
24,23,5
7,19,6
25,0,7
28,11,13
20,7,17
15,39,46
46,10,16
23,23,14
15,21,55
23,17,25
24,21,27
23,26,31
20,7,25
26,27,24
16,14,47
31,19,23
13,2,23
31,16,14
36,12,33
30,20,12
36,30,25
32,19,59
24,21,23
46,28,67
18,22,27
25,4,33
37,22,21
13,26,18
27,10,48
25,35,15
31,9,5
44,30,32
28,14,38
34,40,10
25,5,36
33,6,20
47,18,32
2,16,17
9,20,25
15,7,34
12,13,39
43,15,16
22,14,29
4,11,16
25,15,27
38,24,25
8,35,10
8,27,16
52,13,40
28,27,30
19,10,48
34,15,8
38,25,11
36,14,18
34,7,11
36,20,10
19,16,35
37,6,22
6,25,26
35,34,26
7,15,12
13,5,30
26,5,22
3,10,28
42,36,36
30,17,19
26,24,4
27,20,27
18,13,20
17,10,35
31,15,24
17,16,17
44,27,7
21,20,20
31,13,27
14,16,17
25,25,13
55,10,13
27,30,27
12,8,2
33,17,18
9,11,24
49,11,19
25,10,48
25,23,32
18,22,23
33,26,34
24,12,41
24,23,22
33,33,19
51,24,22
12,20,18
23,21,11
14,19,39
20,4,21
45,22,16
47,10,9
58,7,21
18,6,8
6,27,20
36,28,46
28,17,10
39,13,10
20,13,7
22,20,34
20,2,39
7,18,7
9,22,9
15,11,14
10,24,45
15,15,23
27,32,33
32,14,18
10,22,21
13,22,15
50,18,27
26,11,24
39,16,9
23,21,8
41,8,7
8,13,35
20,3,34
10,46,50
14,10,44
28,7,15
25,4,30
27,7,18
15,9,13
12,20,31
18,19,20
4,14,42
53,18,10
21,14,38
25,20,21
60,22,7
16,21,22
14,22,3
46,32,8
7,24,32
11,9,42
13,43,16
25,9,12
30,18,8
34,30,46
3,8,49
32,28,19
27,35,15
27,34,14
23,16,4
25,31,33
26,30,21
34,10,13
13,30,34
12,20,29
35,29,9
33,15,1
23,10,35
18,19,27
36,10,5
33,5,8
8,38,24
27,8,42
22,16,37
10,7,34
13,14,11
28,22,32
32,3,21
27,7,22
47,8,48
44,32,28
66,17,29
53,28,10
33,16,39
10,12,16
53,4,9
41,34,22
24,27,49
21,6,32
38,20,40
59,32,35
49,19,17
28,15,34
24,14,13
16,19,28
37,4,36
14,13,50
9,21,32
31,13,40
37,19,42
1,29,29
20,28,14
38,9,27
12,1,22
43,35,54
53,27,27
16,5,33
19,28,16
12,27,37
23,24,19
25,37,28
17,11,2
20,16,5
19,21,27
23,22,27
24,14,3
13,28,53
22,19,14
11,10,9
49,16,22
10,5,29
44,9,20
22,15,9
23,29,16
11,21,14
26,32,20
61,7,23
40,17,18
49,12,40
31,19,27
30,34,22
4,28,37
20,17,41
36,15,34
38,32,17
12,19,34
12,13,70
6,13,28
10,29,9
25,14,20
24,16,27
31,10,18
20,27,26
25,22,69
21,35,19
29,25,18
27,16,37
20,17,41
19,19,16
22,27,11
7,34,14
27,28,15
27,2,25
29,5,19
15,32,7
26,27,21
27,27,41
30,3,39
32,18,7
9,14,27
23,6,35
12,12,19
34,9,26
13,23,27
10,20,23
14,9,27
47,10,9
25,14,10
12,20,62
30,9,6
14,34,43
12,23,8
28,3,47
15,11,32
19,27,47
15,22,21
62,31,10
7,34,40
22,17,16
13,34,13
39,20,18
52,27,10
19,14,6
22,18,25
14,11,21
7,6,32
9,13,44
19,26,13
66,19,32
14,23,8
15,37,14
18,28,15
26,16,18
31,26,38
14,13,6
20,14,19
36,25,29
18,19,42
11,16,31
16,23,36
45,21,26
22,7,30
38,10,23
33,37,3
17,36,25
17,7,21
4,36,38
45,19,24
20,9,10
17,5,28
37,19,30
24,26,15
19,9,25
30,10,60
22,11,36
47,6,28
24,14,28
27,8,11
26,32,31
44,29,30
10,16,27
27,13,25
17,18,15
38,10,28
28,22,22
19,7,37
12,21,36
32,20,18
8,6,23
6,25,20
20,21,23
43,14,43
23,8,5
39,26,14
28,35,29
53,8,21
12,9,8
18,14,25
11,18,21
30,6,29
18,29,51
47,31,43
48,30,26
36,23,19
23,24,28
29,3,8
8,16,9
20,21,17
45,11,15
8,24,38
22,10,40
31,4,5
47,28,2
26,7,17
9,15,23
29,25,44
60,32,33
14,36,23
42,28,20
23,28,25
53,30,48
39,27,11
30,5,16
41,15,59
42,19,15
8,22,17
50,36,36
15,23,15
36,12,29
43,18,18
27,23,30
20,20,34
9,23,4
22,17,34
48,21,26
33,22,30
50,13,25
14,5,5
41,14,34
16,15,14
35,21,19
15,24,19
24,43,18
10,29,19
8,32,9
43,19,40
39,8,28
33,9,29
19,17,15
29,15,28
32,9,16
37,21,15
25,5,23
24,2,7
40,13,23
29,15,46
38,17,46
29,32,54
63,4,33
43,33,22
10,33,12
21,14,49
15,20,25
2,17,30
17,25,36
32,11,31
62,11,16
16,16,10
38,21,22
35,27,14
24,34,16
22,23,36
10,17,33
24,15,16
24,16,18
36,17,28
21,17,17
35,15,7
35,29,34
22,18,15
8,17,28
13,44,21
23,40,24
40,4,33
38,19,10
42,30,18
13,26,55
40,25,44
20,5,32
15,26,30
17,12,6
27,29,30
6,45,6
16,18,25
9,33,20
25,9,20
34,15,38
23,28,14
22,16,25
12,23,27
27,7,31
22,7,40
31,29,16
29,19,43
32,5,29
31,25,4
22,11,28
41,19,15
6,15,5
63,39,33
26,12,15
12,25,33
23,8,29
50,10,35
14,35,12
22,10,32
18,48,26
18,14,34
30,16,25
3,18,21
34,16,12
7,18,4
12,28,38
22,17,9
23,15,8
18,7,16
7,28,4
50,24,34
10,34,14
10,10,15
29,18,37
30,23,12
15,6,46
49,30,19
17,11,30
13,30,22
23,6,26
23,25,45
19,12,13
28,12,41
31,20,43
18,20,44
3,4,30
19,18,45
41,8,18
38,29,29
38,12,16
44,25,33
13,24,8
5,27,20
25,12,47
31,26,28
45,31,17
27,5,25
16,16,15
7,40,25
25,10,25
5,29,11
39,4,25
21,28,9
20,22,28
37,22,19
20,10,24
20,5,33
45,20,26
10,2,30
20,15,28
17,4,18
12,12,5
2,26,32
32,21,26
21,4,31
22,31,25
24,9,38
28,8,20
7,19,24
19,16,18
18,4,21
7,14,38
41,37,7
40,12,42
39,19,18
20,30,21
38,9,40
20,22,38
6,13,36
9,30,50
25,23,12
16,18,13
35,29,42
40,19,9
23,38,19
24,20,38
45,17,23
44,10,37
35,25,33
39,11,19
7,41,45
39,19,18
30,24,21
17,5,24
28,26,24
19,30,42
53,28,30
36,18,28
15,12,18
44,9,54
42,31,18
33,18,26
27,38,35
10,7,17
10,3,16
17,18,46
32,21,59
12,4,52
11,7,6
29,13,15
6,9,31
22,19,35
43,15,28
9,37,39
30,35,21
30,35,32
8,17,39
12,21,12
47,24,8
20,24,23
25,42,17
33,18,10
14,24,15
14,17,6
52,18,16
11,14,19
28,18,20
13,18,42
35,14,26
17,35,29
21,16,16
11,15,20
19,6,29
17,26,37
25,28,9
1,3,22
52,24,33
40,23,39
36,32,13
15,12,21
29,8,35
6,17,43
42,44,10
54,34,33
27,23,32
17,17,24
34,10,31
28,21,19
40,15,13
17,15,23
24,6,6
10,22,20
27,16,11
21,14,12
44,19,12
29,26,25
27,29,30
33,5,4
47,16,34
34,20,11
31,30,6
21,16,39
4,29,15
11,37,13
29,9,27
14,22,23
34,39,27
8,24,5
29,13,26
36,21,27
11,10,37
39,24,19
33,19,30
16,32,26
19,20,20
23,24,19
24,19,30
21,13,12
56,6,37
35,20,21
46,11,31
21,23,44
64,12,19
38,15,9
35,32,53
37,25,17
20,30,28
26,4,4
27,6,13
57,29,42
17,15,15
35,13,14
27,23,24
40,5,18
35,12,15
14,15,36
26,27,47
17,24,49
66,19,33
49,30,32
25,26,26
19,28,4
15,33,11
14,7,25
27,17,40
36,35,9
22,16,13
39,19,35
12,17,24
35,4,7
35,13,20
19,18,36
10,16,24
32,22,24
22,15,33
32,12,18
23,28,7
12,24,16
27,18,16
5,20,19
21,17,25
12,33,29
32,23,43
16,4,29
27,11,24
23,7,53
21,18,30
23,40,16
34,9,29
23,5,25
16,13,36
24,17,26
23,24,11
55,7,24
4,31,25
8,36,22
29,24,33
29,26,10
31,3,27
27,6,9
16,18,46
36,7,17
6,2,32
19,13,9
18,16,23
20,25,42
13,6,34
4,29,14
16,27,14
20,29,43
21,7,52
56,15,26
18,30,24
23,16,26
24,25,27
22,17,18
22,11,14
24,25,26
24,22,31
37,6,10
9,10,58
17,14,25
18,30,22
27,27,22
45,9,55
50,17,14
6,9,13
42,23,17
31,14,17
5,24,19
30,10,33
22,26,12
13,18,38
10,14,27
44,17,22
16,16,35
22,17,29
26,26,44
19,31,26
37,10,12
37,6,15
11,19,38
26,22,42
28,18,36
32,13,21
30,14,20
17,17,25
39,17,33
27,19,7
14,19,13
21,16,19
26,22,29
23,12,24
28,15,9
9,20,15
11,30,42
17,26,10
10,38,58
16,36,18
28,21,14
26,15,14
22,18,12
13,1,23
48,33,38
18,7,26
20,13,43
26,19,8
22,42,21
23,29,25
19,24,9
15,8,55
36,34,11
35,17,7
40,9,15
26,9,18
27,18,24
29,15,16
58,42,16
38,10,31
44,18,30
53,12,28
50,3,8
26,30,34
24,26,34
15,37,30
43,8,13
32,21,6
34,25,14
26,9,37
11,11,42
38,15,38
4,18,36
39,18,15
26,17,33
26,13,22
30,13,30
28,29,16
17,16,26
36,12,37
14,28,24
23,3,33
23,8,19
69,30,25
10,24,13
21,13,38
18,34,29
9,32,22
12,9,43
30,3,44
32,6,38
6,14,46
35,15,12
15,5,35
21,36,30
41,15,15
12,22,30
55,30,28
16,22,10
6,26,22
28,23,35
40,28,22
23,5,13
14,37,11
26,15,8
39,13,28
31,10,28
33,19,25
3,13,6
33,15,11
6,14,31
33,25,17
32,13,31
20,29,19
27,15,34
5,31,10
27,13,52
14,28,7
31,22,13
19,20,22
7,18,5
15,30,15
20,7,32
45,8,9
21,13,44
5,12,4
40,15,41
19,22,14
31,29,27
32,16,21
41,29,38
27,10,29
8,35,38
14,22,4
5,21,15
27,11,32
33,8,28
17,35,25
22,7,37
27,11,14
28,17,32
6,7,12
27,17,15
25,24,61
23,31,37
37,19,21
13,10,17
32,7,47
1,14,21
45,36,32
13,22,17
63,22,17
45,5,17
31,15,17
42,14,17
14,10,21
34,21,24
12,10,33
43,25,22
32,4,22
13,19,16
47,16,18
25,15,32
57,12,4
4,28,38
10,8,41
7,5,25
12,14,15
10,14,10
27,36,19
32,12,23
23,7,18
1,48,7
14,24,5
28,21,16
33,22,7
2,9,27
19,17,36
27,32,13
16,21,24
26,10,53
34,17,9
23,17,22
37,23,16
32,12,36
28,7,11
11,14,16
32,26,28
9,13,30
15,11,16
18,15,24
44,37,15
30,22,51
14,16,1
20,7,12
19,22,33
34,22,36
31,5,21
4,46,6
28,4,27
25,11,19
3,34,37
36,8,9
34,25,8
43,15,11
15,27,28
16,10,35
17,19,34
42,18,11
14,5,3
23,23,51
13,33,46
12,33,43
44,19,39
26,37,24
22,7,4
20,22,24
33,5,23
10,16,29
28,12,21
32,7,12
19,28,32
13,13,28
53,9,13
33,22,18
19,16,43
12,14,20
14,13,32
9,19,16
7,23,35
31,28,8
32,16,26
14,23,9
31,25,44
23,30,23
19,16,28
22,24,47
18,15,13
6,27,14
22,13,32
29,9,11
18,1,32
37,12,22
13,33,19
7,21,21
36,35,32
43,6,49
22,4,14
44,9,3
12,8,17
29,8,22
4,11,49
20,15,44
32,35,6
11,3,12
44,16,21
24,28,43
22,28,22
8,5,17
47,24,6
58,4,24
25,10,28
26,24,29
17,9,28
33,6,27
17,23,21
31,24,22
21,30,16
20,29,33
14,21,8
13,12,21
32,32,50
26,28,31
22,13,3
21,36,20
53,20,15
43,32,43
21,14,26
12,9,28
48,23,20
31,28,10
18,13,22
32,16,13
34,14,30
26,8,11
49,11,37
28,13,9
9,4,18
29,2,56
32,28,49
9,26,22
14,21,41
59,3,27
34,32,40
28,3,19
17,19,46
39,9,38
34,17,13
37,22,37
20,6,35
10,12,18
33,14,30
35,15,20
6,17,21
26,6,43
12,24,12
54,28,18
11,8,34
5,21,24
28,3,21
42,20,34
24,15,23
30,26,24
15,28,57
13,10,13
29,25,27
14,22,20
32,13,31
24,19,22
22,10,44
50,9,49
40,16,45
26,23,18
37,1,38
35,12,20
34,18,11
33,27,10
23,38,26
37,13,24
31,21,27
58,15,41
52,27,16
22,20,15
16,7,31
30,43,3
16,19,26
31,12,35
23,21,7
12,20,5
41,23,17
57,23,13
19,24,20
68,9,43
19,2,27
4,13,37
10,26,11
35,27,20
37,23,8
21,31,26
19,3,19
17,27,25
8,7,9
11,17,37
13,13,34
21,7,18
19,14,17
60,11,31
28,1,34
32,20,41
10,8,37
55,26,20
35,16,67
28,19,16
41,9,21
17,11,20
33,3,10
55,31,30
12,18,24
32,37,41
5,20,15
32,32,28
5,16,33
35,8,32
54,9,6
23,33,6
32,24,41
21,22,5
15,20,40
42,10,36
17,16,8
36,41,14
30,15,19
33,25,31
22,6,31
24,6,9
5,5,26
15,36,21
31,30,7
16,8,42
11,14,48
30,11,13
24,31,7
32,31,17
19,9,19
5,17,31
27,7,10
31,13,47
30,7,15
49,34,32
21,17,22
6,2,39
13,9,3
34,5,33
20,6,27
36,21,14
9,18,32
33,10,19
48,11,23
13,8,32
25,15,36
28,28,27
30,22,21
33,39,11
43,31,11
17,3,21
34,21,22
6,8,38
28,19,26
54,12,24
26,15,25
22,23,15
21,27,4
21,13,34
40,21,34
28,11,54
2,12,24
13,21,38
7,9,47
25,9,30
11,7,37
15,15,12
16,23,29
34,4,17
19,20,19
12,24,40
15,19,27
25,32,6
5,10,31
26,30,17
25,26,46
24,11,16
23,22,25
60,6,8
16,17,10
16,18,37
20,10,8
15,4,4
25,18,19
24,4,49
3,20,25
20,12,35
30,28,20
17,26,42
17,22,43
31,16,16
4,10,46
22,12,32
28,21,28
11,30,26
35,43,26
6,18,41
45,21,35
3,16,18
19,18,16
41,9,56
26,14,32
22,14,24
14,6,23
28,14,43
11,27,12
31,18,20
9,21,28
11,20,18
2,6,21
26,27,50
18,22,18
33,7,9
10,21,6
32,8,14
7,21,27
34,16,22
13,19,16
16,14,19
22,30,37
12,15,14
16,24,30
2,33,31
48,20,43
17,16,15
17,23,24
20,25,12
26,20,41
24,12,24
16,19,37
45,16,24
20,12,10
4,10,68
45,19,17
15,18,9
23,17,36
53,15,15
21,7,42
10,8,25
48,26,31
26,16,8
25,7,48
31,16,29
40,8,17
26,15,32
32,21,35
41,20,30
27,24,8
30,11,34
41,18,43
33,7,15
9,18,40
12,11,24
39,13,7
21,18,27
40,38,34
31,3,18
7,11,27
22,32,66
24,14,33
20,9,13
29,22,22
39,22,33
16,14,38
28,21,3
29,14,9
33,23,37
13,24,14
17,17,21
29,29,30
42,38,29
23,8,29
29,36,21
38,40,38
23,14,10
23,,17
38,,10
39,,36
14,,14
28,,26
10,,31
34,,
16,,
26,,
17,,
35,,
29,,
56,,
32,,
19,,
35,,
10,,
24,,
21,,
38,,
31,,
41,,
25,,
12,,
25,,
18,,
19,,
31,,
9,,
29,,
26,,
18,,
15,,
25,,
27,,
27,,
25,,
54,,
24,,
39,,
29,,
15,,
18,,
27,,
23,,
9,,
8,,
31,,
30,,
14,,
15,,
5,,
25,,
25,,
24,,
41,,
23,,
34,,
28,,
26,,
19,,
31,,
31,,
26,,
21,,
56,,
2,,
16,,
21,,
5,,
16,,
52,,
17,,
4,,
42,,
3,,
10,,
11,,
23,,
23,,
3,,
25,,
23,,
10,,
28,,
28,,
16,,
24,,
29,,
18,,
18,,
31,,
13,,
40,,
19,,
6,,
27,,
14,,
30,,
33,,
18,,
12,,
36,,
19,,
27,,
31,,
22,,
33,,
12,,
45,,
62,,
35,,
18,,
60,,
12,,
32,,
16,,
17,,
57,,
7,,
18,,
7,,
13,,
13,,
20,,
42,,
5,,
23,,
31,,
19,,
36,,
23,,
23,,
31,,
15,,
10,,
26,,
51,,
45,,
19,,
26,,
27,,
19,,
40,,
14,,
40,,
32,,
21,,
19,,
23,,
12,,
32,,
14,,
11,,
35,,
20,,
27,,
31,,
10,,
8,,
9,,
46,,
31,,
26,,
4,,
6,,
18,,
22,,
47,,
9,,
10,,
20,,
23,,
36,,
57,,
14,,
15,,
15,,
25,,
11,,
9,,
27,,
39,,
20,,
13,,
24,,
44,,
14,,
11,,
28,,
32,,
14,,
28,,
30,,
16,,
18,,
22,,
13,,
49,,
35,,
12,,
51,,
59,,
34,,
31,,
14,,
13,,
27,,
16,,
14,,
46,,
34,,
33,,
15,,
25,,
52,,
36,,
29,,
30,,
26,,
26,,
25,,
24,,
28,,
29,,
48,,
39,,
36,,
42,,
33,,
18,,
26,,
24,,
10,,
5,,
9,,
29,,
36,,
22,,
36,,
39,,
57,,
12,,
14,,
28,,
14,,
28,,
36,,
7,,
28,,
42,,
26,,
52,,
46,,
28,,
26,,
17,,
21,,
28,,
34,,
40,,
12,,
20,,
14,,
20,,
22,,
31,,
36,,
16,,
25,,
14,,
18,,
17,,
20,,
33,,
32,,
5,,
26,,
28,,
40,,
11,,
34,,
13,,
22,,
18,,
13,,
33,,
5,,
27,,
28,,
49,,
41,,
24,,
12,,
18,,
13,,
30,,
22,,
17,,
28,,
14,,
21,,
22,,
29,,
23,,
47,,
15,,
30,,
22,,
33,,
14,,
26,,
21,,
31,,
6,,
26,,
12,,
46,,
11,,
19,,
22,,
14,,
43,,
34,,
15,,
32,,
27,,
60,,
24,,
7,,
6,,
37,,
10,,
36,,
13,,
29,,
28,,
6,,
21,,
12,,
21,,
8,,
60,,
17,,
38,,
20,,
34,,
42,,
59,,
12,,
11,,
44,,
20,,
33,,
8,,
33,,
6,,
15,,
40,,
23,,
22,,
10,,
20,,
11,,
34,,
12,,
48,,
19,,
22,,
15,,
36,,
11,,
22,,
30,,
11,,
33,,
7,,
7,,
5,,
13,,
34,,
8,,
33,,
16,,
21,,
19,,
35,,
29,,
12,,
32,,
23,,
42,,
22,,
25,,
55,,
11,,
21,,
1,,
12,,
26,,
11,,
9,,
6,,
15,,
21,,
12,,
13,,
26,,
19,,
19,,
33,,
11,,
19,,
13,,
40,,
37,,
13,,
14,,
47,,
14,,
7,,
20,,
46,,
18,,
40,,
9,,
10,,
18,,
24,,
5,,
21,,
38,,
8,,
39,,
14,,
19,,
36,,
26,,
28,,
13,,
42,,
11,,
28,,
24,,
24,,
61,,
28,,
15,,
4,,
24,,
33,,
57,,
16,,
29,,
5,,
12,,
15,,
38,,
33,,
7,,
38,,
20,,
41,,
23,,
19,,
52,,
16,,
0,,
29,,
64,,
15,,
11,,
7,,
25,,
35,,
31,,
45,,
12,,
39,,
10,,
23,,
21,,
29,,
17,,
21,,
26,,
17,,
7,,
35,,
27,,
57,,
14,,
19,,
34,,
2,,
45,,
16,,
39,,
45,,
50,,
12,,
25,,
11,,
20,,
30,,
22,,
23,,
19,,
21,,
55,,
28,,
28,,
22,,
52,,
4,,
22,,
41,,
34,,
29,,
34,,
26,,
25,,
10,,
30,,
35,,
9,,
30,,
14,,
42,,
40,,
5,,
6,,
18,,
16,,
20,,
7,,
13,,
35,,
17,,
46,,
16,,
15,,
14,,
55,,
31,,
31,,
11,,
15,,
24,,
35,,
25,,
16,,
27,,
45,,
27,,
31,,
25,,
24,,
13,,
13,,
47,,
23,,
27,,
23,,
32,,
14,,
33,,
33,,
10,,
15,,
29,,
12,,
25,,
59,,
25,,
25,,
14,,
36,,
23,,
7,,
20,,
67,,
42,,
13,,
16,,
27,,
6,,
25,,
33,,
21,,
34,,
18,,
48,,
15,,
45,,
38,,
5,,
5,,
33,,
23,,
32,,
38,,
10,,
36,,
32,,
20,,
22,,
32,,
17,,
24,,
25,,
20,,
55,,
34,,
13,,
39,,
16,,
10,,
29,,
15,,
51,,
16,,
20,,
27,,
75,,
20,,
49,,
23,,
13,,
16,,
62,,
25,,
36,,
33,,
12,,
29,,
10,,
16,,
80,,
40,,
2,,
30,,
48,,
8,,
17,,
11,,
18,,
11,,
11,,
10,,
23,,
35,,
25,,
26,,
9,,
19,,
23,,
22,,
26,,
54,,
26,,
14,,
12,,
23,,
33,,
30,,
24,,
22,,
28,,
16,,
20,,
36,,
21,,
34,,
19,,
4,,
27,,
20,,
22,,
10,,
35,,
40,,
24,,
18,,
17,,
7,,
20,,
13,,
6,,
27,,
28,,
17,,
13,,
15,,
22,,
13,,
20,,
27,,
2,,
18,,
22,,
11,,
24,,
19,,
21,,
15,,
48,,
32,,
14,,
23,,
34,,
41,,
22,,
19,,
22,,
18,,
40,,
11,,
39,,
33,,
21,,
16,,
9,,
21,,
30,,
8,,
13,,
53,,
20,,
3,,
46,,
10,,
10,,
7,,
4,,
34,,
39,,
7,,
16,,
9,,
20,,
19,,
10,,
12,,
14,,
18,,
45,,
19,,
14,,
46,,
23,,
33,,
18,,
29,,
48,,
16,,
20,,
12,,
22,,
21,,
22,,
15,,
32,,
40,,
27,,
24,,
9,,
27,,
43,,
9,,
49,,
18,,
30,,
46,,
8,,
7,,
14,,
28,,
35,,
34,,
45,,
16,,
31,,
30,,
50,,
44,,
15,,
10,,
30,,
18,,
13,,
31,,
20,,
42,,
23,,
29,,
33,,
29,,
32,,
15,,
10,,
19,,
10,,
5,,
38,,
8,,
21,,
16,,
7,,
14,,
48,,
22,,
34,,
3,,
7,,
8,,
32,,
42,,
17,,
28,,
16,,
12,,
39,,
36,,
8,,
32,,
4,,
46,,
34,,
27,,
6,,
20,,
49,,
32,,
16,,
19,,
15,,
14,,
50,,
19,,
4,,
13,,
33,,
66,,
32,,
37,,
21,,
13,,
19,,
34,,
29,,
28,,
32,,
11,,
9,,
28,,
1,,
35,,
27,,
5,,
8,,
28,,
27,,
24,,
25,,
42,,
37,,
34,,
11,,
16,,
32,,
21,,
20,,
56,,
22,,
48,,
14,,
28,,
29,,
45,,
19,,
10,,
39,,
16,,
5,,
9,,
15,,
25,,
35,,
38,,
29,,
38,,
22,,
21,,
49,,
32,,
23,,
7,,
40,,
35,,
17,,
32,,
12,,
19,,
34,,
13,,
11,,
25,,
28,,
17,,
36,,
37,,
50,,
48,,
15,,
52,,
39,,
32,,
40,,
19,,
13,,
42,,
24,,
13,,
11,,
29,,
42,,
14,,
16,,
11,,
10,,
27,,
22,,
54,,
35,,
18,,
27,,
25,,
33,,
16,,
37,,
17,,
19,,
27,,
28,,
34,,
28,,
2,,
11,,
5,,
24,,
32,,
31,,
27,,
27,,
3,,
34,,
16,,
53,,
18,,
14,,
6,,
12,,
20,,
9,,
23,,
22,,
29,,
29,,
20,,
9,,
16,,
42,,
10,,
14,,
20,,
9,,
34,,
29,,
41,,
23,,
24,,
41,,
18,,
3,,
11,,
49,,
40,,
27,,
22,,
37,,
23,,
31,,
41,,
34,,
17,,
34,,
18,,
20,,
11,,
40,,
24,,
70,,
28,,
9,,
6,,
20,,
54,,
27,,
14,,
18,,
11,,
6,,
13,,
26,,
69,,
19,,
18,,
23,,
31,,
13,,
49,,
37,,
41,,
28,,
16,,
11,,
26,,
13,,
14,,
41,,
15,,
26,,
36,,
25,,
19,,
67,,
16,,
23,,
7,,
21,,
48,,
7,,
41,,
45,,
11,,
10,,
37,,
39,,
36,,
22,,
7,,
36,,
19,,
9,,
27,,
20,,
23,,
5,,
35,,
21,,
19,,
26,,
27,,
23,,
27,,
9,,
10,,
62,,
11,,
6,,
14,,
43,,
8,,
47,,
32,,
36,,
47,,
29,,
21,,
2,,
40,,
32,,
10,,
40,,
16,,
13,,
18,,
35,,
36,,
28,,
10,,
22,,
7,,
21,,
33,,
20,,
6,,
25,,
21,,
32,,
44,,
14,,
8,,
34,,
13,,
62,,
32,,
26,,
35,,
8,,
9,,
14,,
30,,
34,,
15,,
18,,
38,,
32,,
49,,
6,,
19,,
29,,
33,,
40,,
42,,
31,,
36,,
40,,
26,,
30,,
30,,
23,,
24,,
3,,
25,,
16,,
33,,
21,,
11,,
38,,
24,,
20,,
12,,
10,,
4,,
28,,
30,,
7,,
15,,
25,,
60,,
32,,
36,,
34,,
28,,
28,,
11,,
31,,
30,,
27,,
5,,
32,,
25,,
15,,
28,,
39,,
19,,
22,,
37,,
36,,
23,,
12,,
18,,
18,,
9,,
23,,
20,,
23,,
17,,
21,,
30,,
22,,
43,,
49,,
16,,
29,,
39,,
30,,
13,,
5,,
14,,
29,,
21,,
15,,
8,,
25,,
21,,
33,,
29,,
51,,
24,,
43,,
29,,
33,,
26,,
32,,
35,,
43,,
19,,
28,,
8,,
9,,
17,,
25,,
39,,
15,,
13,,
15,,
38,,
9,,
21,,
15,,
40,,
5,,
2,,
14,,
9,,
13,,
15,,
17,,
23,,
32,,
44,,
4,,
44,,
33,,
22,,
36,,
33,,
14,,
23,,
13,,
20,,
17,,
25,,
48,,
11,,
11,,
16,,
25,,
21,,
27,,
29,,
24,,
34,,
23,,
33,,
59,,
17,,
15,,
16,,
17,,
17,,
36,,
15,,
29,,
18,,
30,,
17,,
44,,
27,,
40,,
34,,
4,,
34,,
26,,
19,,
30,,
26,,
25,,
5,,
53,,
34,,
15,,
35,,
26,,
14,,
12,,
19,,
27,,
73,,
11,,
29,,
19,,
45,,
18,,
33,,
19,,
9,,
22,,
40,,
28,,
29,,
49,,
15,,
28,,
29,,
16,,
15,,
23,,
7,,
23,,
7,,
29,,
19,,
46,,
46,,
46,,
54,,
20,,
5,,
33,,
25,,
11,,
19,,
22,,
18,,
15,,
29,,
39,,
12,,
49,,
25,,
8,,
30,,
10,,
12,,
36,,
42,,
35,,
31,,
16,,
23,,
10,,
22,,
48,,
14,,
16,,
36,,
18,,
33,,
16,,
18,,
28,,
17,,
15,,
39,,
39,,
7,,
24,,
34,,
15,,
28,,
33,,
21,,
27,,
36,,
25,,
24,,
34,,
33,,
10,,
18,,
33,,
23,,
33,,
55,,
44,,
32,,
30,,
6,,
30,,
12,,
26,,
11,,
30,,
6,,
25,,
12,,
12,,
46,,
6,,
21,,
20,,
20,,
32,,
4,,
18,,
8,,
38,,
29,,
14,,
12,,
25,,
24,,
27,,
12,,
26,,
31,,
5,,
42,,
27,,
32,,
16,,
40,,
16,,
16,,
10,,
29,,
43,,
29,,
4,,
28,,
22,,
26,,
22,,
30,,
15,,
10,,
5,,
19,,
20,,
33,,
2,,
32,,
15,,
33,,
4,,
14,,
29,,
36,,
35,,
12,,
32,,
26,,
34,,
11,,
25,,
25,,
21,,
12,,
34,,
21,,
4,,
38,,
41,,
31,,
9,,
34,,
8,,
19,,
16,,
4,,
34,,
27,,
14,,
15,,
37,,
12,,
46,,
46,,
19,,
20,,
30,,
9,,
22,,
26,,
45,,
23,,
13,,
41,,
43,,
44,,
15,,
30,,
45,,
23,,
18,,
29,,
16,,
26,,
48,,
33,,
19,,
8,,
28,,
27,,
38,,
20,,
47,,
16,,
28,,
17,,
25,,
10,,
15,,
34,,
25,,
25,,
11,,
25,,
9,,
28,,
28,,
41,,
19,,
24,,
11,,
5,,
46,,
33,,
21,,
26,,
30,,
28,,
18,,
12,,
30,,
5,,
9,,
32,,
26,,
26,,
31,,
25,,
38,,
20,,
24,,
18,,
21,,
38,,
7,,
42,,
3,,
18,,
21,,
40,,
48,,
38,,
4,,
7,,
23,,
36,,
50,,
12,,
36,,
30,,
25,,
13,,
42,,
23,,
9,,
19,,
15,,
38,,
23,,
37,,
35,,
33,,
13,,
13,,
19,,
45,,
23,,
35,,
31,,
17,,
18,,
21,,
24,,
24,,
18,,
42,,
34,,
32,,
39,,
18,,
24,,
17,,
30,,
18,,
14,,
28,,
18,,
54,,
20,,
18,,
26,,
14,,
36,,
35,,
17,,
16,,
46,,
15,,
32,,
44,,
59,,
52,,
6,,
15,,
31,,
35,,
26,,
28,,
39,,
3,,
21,,
24,,
23,,
32,,
27,,
39,,
12,,
8,,
26,,
17,,
44,,
34,,
23,,
17,,
10,,
21,,
15,,
15,,
6,,
22,,
16,,
14,,
19,,
20,,
42,,
26,,
29,,
5,,
16,,
20,,
30,,
16,,
29,,
37,,
15,,
9,,
22,,
33,,
42,,
26,,
39,,
24,,
13,,
21,,
35,,
43,,
10,,
19,,
33,,
24,,
19,,
32,,
20,,
24,,
31,,
19,,
13,,
54,,
23,,
6,,
20,,
11,,
11,,
28,,
23,,
12,,
12,,
37,,
25,,
15,,
32,,
25,,
30,,
4,,
69,,
6,,
34,,
11,,
6,,
29,,
39,,
15,,
50,,
20,,
14,,
13,,
27,,
23,,
14,,
19,,
21,,
30,,
27,,
5,,
26,,
26,,
12,,
15,,
27,,
28,,
24,,
37,,
19,,
30,,
26,,
43,,
20,,
28,,
33,,
7,,
17,,
40,,
35,,
27,,
30,,
19,,
30,,
12,,
51,,
39,,
37,,
16,,
21,,
31,,
47,,
44,,
18,,
19,,
9,,
54,,
53,,
17,,
28,,
4,,
12,,
13,,
42,,
18,,
16,,
22,,
15,,
12,,
14,,
28,,
24,,
18,,
15,,
20,,
36,,
26,,
17,,
47,,
49,,
41,,
33,,
18,,
23,,
32,,
26,,
4,,
11,,
22,,
29,,
25,,
7,,
18,,
40,,
9,,
29,,
5,,
13,,
17,,
23,,
28,,
50,,
35,,
24,,
51,,
11,,
7,,
31,,
38,,
35,,
20,,
36,,
17,,
24,,
26,,
3,,
24,,
6,,
33,,
18,,
7,,
16,,
59,,
2,,
13,,
16,,
19,,
25,,
6,,
29,,
43,,
29,,
30,,
27,,
48,,
24,,
29,,
7,,
15,,
53,,
31,,
30,,
16,,
19,,
28,,
29,,
25,,
43,,
36,,
17,,
26,,
11,,
24,,
25,,
22,,
69,,
33,,
6,,
12,,
10,,
14,,
30,,
27,,
9,,
46,,
17,,
32,,
9,,
23,,
42,,
34,,
14,,
14,,
22,,
43,,
52,,
26,,
24,,
10,,
26,,
30,,
26,,
18,,
27,,
18,,
14,,
17,,
16,,
17,,
26,,
26,,
52,,
47,,
31,,
10,,
40,,
6,,
32,,
33,,
58,,
19,,
25,,
22,,
22,,
18,,
13,,
55,,
14,,
13,,
17,,
25,,
17,,
17,,
28,,
19,,
19,,
33,,
32,,
12,,
38,,
27,,
16,,
32,,
29,,
22,,
22,,
40,,
35,,
29,,
44,,
51,,
15,,
26,,
12,,
25,,
15,,
20,,
18,,
30,,
26,,
38,,
42,,
36,,
21,,
20,,
25,,
15,,
18,,
67,,
1,,
33,,
7,,
13,,
19,,
42,,
29,,
24,,
24,,
31,,
8,,
34,,
17,,
9,,
9,,
18,,
15,,
42,,
10,,
58,,
11,,
18,,
14,,
14,,
12,,
23,,
3,,
30,,
38,,
26,,
37,,
43,,
8,,
21,,
27,,
47,,
25,,
9,,
55,,
11,,
7,,
15,,
27,,
18,,
18,,
24,,
17,,
27,,
13,,
13,,
29,,
16,,
12,,
22,,
48,,
16,,
28,,
31,,
30,,
48,,
3,,
28,,
46,,
8,,
34,,
34,,
30,,
24,,
13,,
34,,
32,,
9,,
3,,
52,,
6,,
14,,
28,,
15,,
31,,
5,,
37,,
42,,
52,,
38,,
36,,
26,,
15,,
33,,
32,,
22,,
30,,
9,,
30,,
22,,
16,,
26,,
39,,
23,,
28,,
5,,
37,,
20,,
47,,
24,,
15,,
33,,
13,,
10,,
19,,
25,,
13,,
15,,
38,,
14,,
25,,
13,,
20,,
29,,
15,,
31,,
13,,
28,,
22,,
35,,
18,,
16,,
42,,
20,,
18,,
26,,
43,,
44,,
30,,
38,,
46,,
7,,
8,,
13,,
12,,
35,,
35,,
30,,
15,,
45,,
22,,
29,,
5,,
30,,
16,,
29,,
28,,
10,,
22,,
35,,
22,,
28,,
21,,
13,,
38,,
11,,
8,,
28,,
28,,
21,,
35,,
39,,
14,,
25,,
6,,
7,,
40,,
42,,
41,,
11,,
17,,
31,,
7,,
17,,
26,,
31,,
36,,
24,,
31,,
19,,
15,,
34,,
10,,
52,,
23,,
33,,
7,,
14,,
13,,
33,,
36,,
22,,
9,,
55,,
22,,
12,,
5,,
15,,
32,,
9,,
33,,
44,,
4,,
41,,
14,,
13,,
10,,
27,,
7,,
21,,
30,,
38,,
25,,
10,,
29,,
25,,
38,,
4,,
19,,
16,,
36,,
15,,
12,,
32,,
28,,
8,,
25,,
21,,
58,,
37,,
5,,
14,,
14,,
29,,
6,,
36,,
32,,
12,,
7,,
48,,
9,,
15,,
61,,
24,,
37,,
21,,
22,,
55,,
9,,
25,,
17,,
32,,
47,,
21,,
41,,
10,,
32,,
36,,
32,,
25,,
17,,
17,,
17,,
17,,
23,,
31,,
17,,
12,,
7,,
49,,
14,,
21,,
15,,
26,,
13,,
24,,
33,,
22,,
11,,
15,,
37,,
29,,
22,,
16,,
18,,
42,,
7,,
22,,
22,,
5,,
46,,
32,,
4,,
11,,
23,,
34,,
38,,
8,,
39,,
24,,
41,,
25,,
15,,
27,,
10,,
19,,
50,,
19,,
18,,
23,,
18,,
5,,
23,,
23,,
33,,
40,,
33,,
19,,
37,,
7,,
29,,
22,,
16,,
62,,
5,,
16,,
12,,
7,,
27,,
64,,
36,,
12,,
28,,
13,,
24,,
48,,
53,,
9,,
22,,
16,,
14,,
13,,
33,,
43,,
19,,
36,,
23,,
23,,
28,,
11,,
44,,
16,,
23,,
25,,
28,,
30,,
16,,
14,,
24,,
40,,
15,,
51,,
27,,
13,,
9,,
20,,
56,,
36,,
1,,
12,,
33,,
36,,
21,,
35,,
6,,
48,,
4,,
27,,
19,,
37,,
9,,
22,,
8,,
8,,
19,,
11,,
15,,
28,,
35,,
34,,
11,,
3,,
16,,
51,,
65,,
28,,
28,,
46,,
5,,
43,,
40,,
16,,
39,,
24,,
17,,
4,,
10,,
54,,
24,,
24,,
9,,
6,,
23,,
24,,
30,,
29,,
21,,
12,,
25,,
37,,
32,,
28,,
13,,
18,,
43,,
43,,
41,,
36,,
31,,
20,,
11,,
32,,
29,,
16,,
35,,
8,,
26,,
14,,
14,,
19,,
9,,
44,,
59,,
23,,
28,,
13,,
47,,
39,,
13,,
16,,
14,,
32,,
8,,
24,,
30,,
11,,
13,,
32,,
32,,
4,,
22,,
2,,
17,,
28,,
19,,
21,,
26,,
21,,
3,,
34,,
40,,
58,,
32,,
49,,
14,,
3,,
27,,
19,,
9,,
69,,
51,,
19,,
17,,
22,,
49,,
44,,
6,,
12,,
14,,
21,,
43,,
42,,
22,,
27,,
19,,
15,,
18,,
17,,
6,,
24,,
28,,
29,,
25,,
28,,
27,,
21,,
22,,
16,,
33,,
8,,
21,,
24,,
48,,
45,,
50,,
21,,
31,,
3,,
20,,
45,,
15,,
43,,
26,,
28,,
20,,
10,,
25,,
22,,
13,,
30,,
37,,
11,,
37,,
19,,
10,,
9,,
16,,
23,,
34,,
1,,
40,,
12,,
18,,
56,,
38,,
49,,
22,,
41,,
17,,
28,,
27,,
40,,
19,,
29,,
46,,
38,,
45,,
13,,
37,,
21,,
11,,
35,,
18,,
18,,
32,,
15,,
27,,
30,,
20,,
21,,
7,,
43,,
20,,
27,,
37,,
19,,
12,,
28,,
49,,
18,,
34,,
35,,
24,,
38,,
21,,
20,,
23,,
34,,
23,,
24,,
57,,
38,,
13,,
20,,
27,,
67,,
20,,
31,,
27,,
9,,
22,,
44,,
2,,
49,,
45,,
13,,
18,,
38,,
20,,
57,,
11,,
10,,
26,,
24,,
27,,
41,,
16,,
15,,
23,,
31,,
30,,
3,,
26,,
27,,
35,,
7,,
18,,
5,,
17,,
13,,
20,,
43,,
7,,
27,,
14,,
17,,
37,,
11,,
1,,
20,,
8,,
26,,
27,,
16,,
38,,
19,,
25,,
54,,
9,,
37,,
41,,
38,,
32,,
11,,
13,,
3,,
34,,
18,,
17,,
31,,
34,,
18,,
41,,
37,,
33,,
16,,
20,,
67,,
32,,
16,,
19,,
8,,
9,,
33,,
24,,
21,,
22,,
28,,
42,,
20,,
10,,
16,,
24,,
30,,
24,,
41,,
40,,
15,,
25,,
19,,
28,,
33,,
32,,
6,,
6,,
41,,
5,,
40,,
36,,
30,,
8,,
14,,
14,,
19,,
11,,
31,,
31,,
9,,
26,,
17,,
21,,
16,,
7,,
42,,
48,,
44,,
13,,
7,,
34,,
21,,
20,,
17,,
19,,
42,,
46,,
2,,
9,,
26,,
19,,
5,,
31,,
13,,
6,,
21,,
18,,
10,,
11,,
47,,
8,,
15,,
32,,
28,,
39,,
22,,
39,,
31,,
31,,
3,,
33,,
21,,
8,,
27,,
37,,
16,,
14,,
32,,
19,,
12,,
15,,
23,,
32,,
36,,
27,,
22,,
13,,
21,,
11,,
11,,
32,,
12,,
21,,
22,,
9,,
9,,
38,,
26,,
7,,
24,,
25,,
15,,
23,,
4,,
34,,
20,,
31,,
34,,
54,,
35,,
24,,
19,,
35,,
38,,
44,,
38,,
30,,
32,,
17,,
47,,
10,,
30,,
26,,
43,,
11,,
37,,
18,,
12,,
29,,
38,,
17,,
40,,
19,,
40,,
27,,
22,,
36,,
6,,
41,,
29,,
17,,
18,,
31,,
31,,
17,,
46,,
16,,
16,,
25,,
8,,
10,,
4,,
36,,
18,,
44,,
32,,
24,,
37,,
15,,
20,,
8,,
4,,
34,,
20,,
19,,
25,,
49,,
25,,
35,,
20,,
42,,
12,,
58,,
43,,
16,,
19,,
46,,
32,,
22,,
66,,
28,,
19,,
26,,
28,,
26,,
13,,
57,,
41,,
35,,
22,,
49,,
25,,
18,,
26,,
16,,
56,,
32,,
10,,
24,,
23,,
43,,
12,,
19,,
27,,
21,,
20,,
30,,
41,,
43,,
11,,
28,,
18,,
38,,
21,,
17,,
16,,
50,,
18,,
9,,
14,,
12,,
14,,
6,,
14,,
27,,
18,,
23,,
21,,
20,,
48,,
49,,
41,,
33,,
6,,
27,,
22,,
7,,
44,,
21,,
8,,
21,,
16,,
24,,
19,,
37,,
14,,
30,,
31,,
30,,
43,,
25,,
15,,
24,,
33,,
17,,
20,,
41,,
16,,
23,,
25,,
20,,
12,,
19,,
16,,
41,,
23,,
24,,
37,,
67,,
19,,
41,,
12,,
24,,
10,,
19,,
68,,
26,,
18,,
17,,
9,,
21,,
38,,
23,,
36,,
44,,
23,,
17,,
15,,
42,,
7,,
25,,
31,,
54,,
32,,
8,,
26,,
38,,
48,,
31,,
16,,
29,,
17,,
49,,
32,,
35,,
7,,
30,,
16,,
8,,
36,,
34,,
57,,
43,,
15,,
21,,
20,,
40,,
24,,
54,,
11,,
18,,
7,,
27,,
34,,
18,,
34,,
11,,
27,,
66,,
33,,
13,,
22,,
18,,
33,,
38,,
3,,
34,,
11,,
27,,
32,,
14,,
9,,
22,,
37,,
22,,
14,,
21,,
30,,
14,,
23,,
24,,
17,,
29,,
29,,
21,,
38,,
10,,
17,,
10,,
8,,
36,,
40,,
13,,
14,,
26,,
34,,
10,,
31,,