Trap ID;Daughter;Cell cycle time (min)
2;0;
2;1;154
2;2;85
2;3;93
2;4;77
2;5;85
2;6;76
2;7;77
2;8;76
2;9;77
2;10;85
2;11;85
2;12;85
2;13;93
2;14;85
2;15;102
2;16;128
2;17;93
2;18;111
2;19;110
2;20;119
2;21;153
2;22;187
3;0;
3;1;102
3;2;94
3;3;76
3;4;85
3;5;85
3;6;94
3;7;76
3;8;94
3;9;102
3;10;76
3;11;85
3;12;85
3;13;85
3;14;94
3;15;85
3;16;76
3;17;94
3;18;110
3;19;128
3;20;93
3;21;128
3;22;161
3;23;255
3;24;468
3;25;1105
7;0;
7;1;86
7;2;76
7;3;68
7;4;68
7;5;68
7;6;77
7;7;85
7;8;85
7;9;85
7;10;93
7;11;94
7;12;127
7;13;145
7;14;170
7;15;280
7;16;1292
13;0;
13;1;94
13;2;68
13;3;76
13;4;136
13;5;85
13;6;94
13;7;93
13;8;111
13;9;229
13;10;400
16;0;
16;1;85
16;2;77
16;3;76
16;4;77
16;5;76
16;6;77
16;7;85
16;8;93
16;9;85
16;10;111
16;11;144
16;12;153
16;13;196
16;14;170
16;15;425
16;16;297
17;0;
17;1;93
17;2;94
17;3;85
17;4;119
17;5;93
17;6;77
17;7;119
17;8;85
17;9;85
17;10;85
17;11;110
17;12;119
17;13;102
17;14;102
17;15;153
17;16;136
17;17;111
17;18;323
17;19;476
17;20;263
21;0;
21;1;77
21;2;170
21;3;706
22;1;-553
22;2;85
22;3;77
22;4;76
22;5;77
22;6;85
22;7;85
22;8;85
22;9;93
22;10;111
22;11;127
22;12;323
22;13;315
22;14;408
22;15;680
22;16;603
24;0;
24;1;85
24;2;68
24;3;77
24;4;76
24;5;68
24;6;77
24;7;76
24;8;85
24;9;77
24;10;76
24;11;85
24;12;85
24;13;94
24;14;93
24;15;128
29;0;
29;1;94
29;2;110
29;3;204
29;4;213
29;5;221
29;6;688
30;0;
30;1;85
30;2;68
30;3;102
30;4;68
30;5;85
30;6;85
30;7;102
30;8;102
30;10;102
30;11;94
30;12;127
30;13;119
30;14;119
30;15;162
30;16;119
30;17;102
30;18;127
30;19;162
30;20;221
33;0;
33;1;76
33;2;85
33;3;77
33;4;85
33;5;85
33;6;85
33;7;110
33;8;94
33;9;119
33;10;85
33;11;93
33;12;94
33;13;110
33;14;111
33;15;119
33;16;93
33;17;145
33;18;212
33;19;102
33;20;561
36;0;
36;1;213
49;0;
49;1;85
49;2;68
49;3;85
49;4;68
49;5;77
49;6;59
49;7;77
49;8;85
49;9;85
49;10;93
49;11;119
49;12;145
49;13;297
49;14;315
49;15;671
49;16;2066
54;0;
54;1;85
54;2;77
54;3;76
54;4;77
54;5;68
54;6;59
54;7;77
54;8;68
54;9;76
54;10;68
54;11;85
54;12;85
54;13;77
54;14;85
54;15;76
54;16;85
54;17;94
54;18;102
54;19;93
54;20;119
54;21;153
54;22;128
54;23;119
54;24;144
54;25;578
54;26;391
54;27;298
57;0;
57;1;85
57;2;76
57;3;102
57;4;94
57;5;85
57;6;93
57;7;68
57;8;77
57;9;93
57;10;102
57;11;94
57;12;102
57;13;93
57;14;77
57;15;102
57;16;102
57;17;76
57;18;102
57;19;153
57;20;298
58;0;
58;1;85
58;2;77
58;3;85
58;4;68
58;5;85
58;6;68
58;7;85
58;8;76
58;9;60
58;10;76
58;11;77
58;12;76
58;13;85
58;14;94
58;15;93
58;16;111
58;17;127
58;18;153
58;19;306
61;0;
61;1;68
61;2;76
61;3;85
61;4;85
61;5;85
61;6;136
61;7;162
63;8;-740
63;0;111
63;1;76
63;2;85
63;3;94
63;4;170
63;5;603
63;6;952
74;0;
74;1;77
74;2;68
74;3;77
74;4;68
74;5;76
74;6;68
74;7;77
74;8;76
74;9;77
74;10;93
74;11;77
74;12;102
74;13;119
74;14;195
76;0;
76;1;85
76;2;68
76;3;68
76;4;77
76;5;76
76;6;77
76;7;85
76;8;76
76;9;77
76;10;110
76;11;94
76;12;110
76;13;136
81;0;
81;1;77
81;2;76
81;3;77
81;4;68
81;5;76
81;6;85
81;7;85
81;8;68
81;9;85
81;10;85
81;11;136
81;12;170
81;13;298
83;0;
83;1;77
83;2;68
83;3;77
83;4;76
83;5;68
83;6;77
83;7;85
83;8;85
83;9;102
83;10;119
83;11;119
83;12;280
83;13;519
86;0;
86;1;128
86;2;102
86;3;77
86;4;76
86;5;77
86;6;85
86;7;76
86;8;102
86;9;196
86;10;501
86;11;884
93;0;
93;1;94
93;2;77
93;3;76
93;4;77
93;5;85
93;6;59
93;7;94
93;8;93
93;9;85
93;10;111
93;11;153
93;12;306
93;13;637
93;14;884
94;0;
94;1;94
94;2;93
94;3;102
94;4;85
94;5;94
94;6;93
94;7;85
94;8;94
94;9;119
94;10;127
94;11;136
94;12;145
94;13;127
94;14;128
94;15;170
94;16;212
95;0;
95;1;68
95;2;85
95;3;85
95;4;77
95;5;68
95;6;68
95;7;85
95;8;76
95;9;77
95;10;102
95;11;93
95;12;111
95;13;170
95;14;204
97;0;
97;1;85
97;2;102
97;3;77
97;4;68
97;5;76
97;6;77
97;7;76
97;8;77
97;9;85
97;10;85
97;11;102
97;12;127
97;13;264
98;0;
98;1;93
98;2;85
98;3;111
98;4;110
98;5;94
98;6;76
98;7;85
98;8;94
98;9;102
98;10;110
98;11;94
98;12;93
98;13;145
98;14;153
98;15;144
99;0;
99;1;77
99;2;77
99;3;76
99;4;77
99;5;76
99;6;77
99;7;93
99;8;102
99;9;170
99;10;442
100;0;
100;1;77
100;2;76
100;3;77
100;4;68
100;5;76
100;6;85
100;7;85
100;8;68
100;9;94
100;10;76
100;11;111
100;12;187
100;13;297
101;0;
101;1;76
101;2;85
101;3;85
101;4;85
101;5;111
101;6;161
101;7;128
101;8;144
101;9;323
101;10;213
101;11;892
105;0;
105;1;60
105;2;76
105;3;94
105;4;85
105;5;119
105;6;110
105;7;94
105;8;76
105;9;77
105;10;93
105;11;111
105;12;110
105;13;111
105;14;76
105;15;94
105;16;85
105;17;93
105;18;85
105;19;94
105;20;85
105;21;93
105;22;85
105;23;111
105;25;110
111;0;
111;1;77
111;2;76
111;3;77
111;4;76
111;5;94
111;6;85
111;7;195
111;8;204
112;0;
112;1;94
112;2;85
112;3;102
112;4;93
112;5;94
112;6;102
112;7;68
112;8;102
112;9;85
112;10;102
112;11;110
112;12;94
112;13;93
112;14;119
112;15;128
112;16;136
112;17;178
112;18;179
112;19;586
113;0;
113;1;93
113;2;85
113;3;102
113;4;94
113;5;93
113;6;85
113;7;102
113;8;94
113;9;93
113;10;119
113;11;128
113;12;153
113;13;127
113;14;136
113;15;187
113;16;204
113;17;238
115;0;
115;1;76
115;2;85
115;3;85
115;4;77
115;5;102
115;6;93
115;7;77
115;8;102
115;9;93
115;10;85
115;11;111
115;12;170
115;13;153
116;0;
116;1;76
116;2;69
116;3;85
116;4;76
116;5;77
116;6;68
116;7;76
116;8;77
116;9;76
116;10;85
116;11;85
116;12;102
116;13;111
116;14;102
116;15;136
116;16;187
124;0;
124;1;68
124;2;85
124;3;85
124;4;93
124;5;94
124;6;93
124;7;102
124;8;136
124;9;374
124;10;1190
125;0;
125;1;76
125;2;94
125;3;110
125;4;85
125;5;128
125;6;110
125;7;119
125;8;255
125;9;867
130;0;
130;1;77
130;2;85
130;3;94
130;4;93
130;5;119
130;6;315
134;0;
134;1;85
134;2;85
134;3;68
134;4;77
134;5;76
134;6;85
134;7;94
134;8;85
134;9;161
134;10;264
137;0;
137;1;94
137;2;110
137;3;94
137;4;76
137;5;94
137;6;85
137;7;76
137;8;94
137;9;144
137;10;111
137;11;170
137;12;85
137;13;85
137;14;306
137;15;450
137;16;1496
139;0;
139;1;76
139;2;94
139;3;85
139;4;76
139;5;94
139;6;93
139;7;94
139;8;102
139;9;110
139;10;238
139;11;1046
141;0;
141;1;68
141;2;85
141;3;85
141;4;85
141;5;85
141;6;94
141;7;102
141;8;136
141;9;119
141;10;102
141;11;136
141;12;399
141;13;247
141;14;195
141;15;247
141;16;238
141;17;331
141;18;196
141;19;204
142;0;
142;1;68
142;2;68
142;3;68
142;4;77
142;5;68
142;6;85
142;7;93
142;8;60
142;9;76
142;10;85
142;11;102
142;12;153
142;13;213
143;0;
143;1;85
143;2;102
143;3;77
143;4;85
143;5;76
143;6;94
143;7;102
143;8;93
143;9;94
143;10;102
143;11;93
143;12;85
143;13;94
143;14;93
143;15;102
143;16;102
143;17;102
143;18;102
143;19;102
143;20;119
143;21;94
143;22;127
143;23;102
143;24;94
143;25;110
143;26;128
143;27;102
143;28;127
143;29;153
143;30;264
143;31;586
145;0;
145;1;86
145;2;76
145;3;68
145;4;68
145;5;77
145;6;93
145;7;77
145;8;76
145;9;85
145;10;77
145;11;85
145;12;93
145;13;77
145;14;93
145;15;102
145;16;102
145;17;128
145;18;102
145;19;102
145;20;102
145;21;68
145;22;102
145;23;127
145;24;145
145;25;144
145;26;264
145;27;246
145;28;612
145;29;400
146;0;
146;1;77
146;2;68
146;3;93
146;4;102
146;5;119
146;6;111
146;7;119
146;8;178
146;9;357
146;10;578
148;0;
148;1;77
148;2;68
148;3;68
148;4;76
148;5;77
148;6;85
148;7;76
148;8;77
148;9;93
148;10;85
148;11;94
148;12;93
148;13;77
148;14;85
148;15;68
148;16;85
148;17;119
148;18;127
148;19;119
148;20;119
149;0;
149;1;77
149;2;76
149;3;85
149;4;102
149;5;119
149;6;170
149;7;136
149;8;102
153;0;
153;1;77
153;2;76
153;3;68
153;4;77
153;5;85
153;6;76
153;7;94
153;8;102
153;9;161
153;10;255
155;0;
155;1;77
155;2;76
155;3;68
155;4;77
155;5;76
155;6;77
155;7;76
155;8;85
155;9;85
155;10;85
155;11;94
155;12;110
155;13;145
155;14;85
155;15;102
155;16;93
155;17;145
155;18;153
155;19;323
157;0;
157;1;153
157;2;170
157;3;238
157;4;314
157;5;179
157;6;272
157;7;272
157;8;263
157;9;629
157;10;672
157;11;671
157;12;221
157;13;162
158;0;
158;1;94
158;2;85
158;3;119
158;4;128
158;5;102
158;6;161
158;7;264
158;8;348
161;0;
161;1;93
161;2;85
161;3;85
161;4;77
161;5;93
161;6;94
161;7;93
161;8;102
161;9;111
161;10;178
161;11;264
161;12;816
162;0;
162;1;76
162;2;102
162;3;85
162;4;77
162;5;102
162;6;76
162;7;111
162;8;76
162;9;102
162;10;94
162;11;93
162;12;94
162;13;102
162;14;93
162;15;102
162;16;94
162;17;93
162;18;102
162;19;111
162;20;119
162;21;102
162;22;119
162;23;110
162;24;94
162;25;93
162;26;119
162;27;111
162;28;136
162;29;153
162;30;263
167;0;
167;1;85
167;2;85
167;3;93
167;4;102
167;5;128
167;6;93
167;7;77
167;8;93
167;9;102
167;10;85
167;11;119
167;12;111
167;13;76
167;14;111
167;15;93
167;16;136
167;17;94
167;18;85
167;19;76
167;20;94
167;21;110
167;22;102
167;23;94
167;24;153
167;25;136
167;26;518
169;0;
169;1;77
169;2;85
169;3;85
169;4;68
169;5;110
169;6;77
169;7;93
169;8;102
169;9;102
169;10;94
169;11;93
169;12;102
169;13;111
169;14;110
169;15;145
169;16;127
170;0;
170;1;60
170;2;76
170;3;68
170;4;77
170;5;76
170;6;77
170;7;85
170;8;76
170;9;94
170;10;102
170;11;110
170;12;85
170;13;102
170;14;94
170;15;110
170;16;128
170;17;102
170;18;144
170;19;102
172;0;
172;1;102
172;2;102
172;3;119
172;4;102
172;5;102
172;6;77
172;7;93
172;8;77
172;9;76
172;10;77
172;11;93
172;12;111
172;13;93
172;14;111
172;15;110
172;16;111
172;17;136
172;18;178
172;19;213
172;20;246
175;0;
175;1;102
175;2;85
175;3;77
175;4;93
175;5;77
175;6;93
175;7;102
175;8;111
175;9;102
175;10;93
175;11;153
175;12;170
175;13;196
175;14;493
177;0;
177;1;85
177;2;93
177;3;77
177;4;85
177;5;102
177;6;110
177;7;136
177;8;136
177;9;128
177;10;229
177;11;298
177;12;178
177;13;221
177;14;187
177;15;510
177;16;281
177;17;297
177;18;510
177;19;527
178;0;
178;1;77
178;2;76
178;3;77
178;4;76
178;5;68
178;6;85
178;7;94
178;8;76
178;9;68
178;10;77
178;11;93
178;12;77
178;13;85
178;14;102
178;15;110
178;16;170
178;17;162
178;18;212
178;19;281
178;20;306
178;21;255
178;22;476
178;23;272
178;24;323
179;0;
179;1;77
179;2;76
179;3;68
179;4;85
179;5;77
179;6;102
179;7;76
179;8;77
179;9;76
179;10;94
179;11;85
179;12;85
179;13;93
179;14;94
179;15;93
179;16;85
179;17;94
179;18;93
179;19;94
179;20;93
179;21;94
179;22;85
179;23;93
179;24;111
179;25;119
179;26;119
179;27;187
179;28;255
179;29;646
179;30;1020
182;0;
182;1;76
182;2;85
182;3;85
182;4;102
182;5;85
182;6;111
182;7;102
182;8;93
182;9;111
182;10;85
182;11;93
182;12;85
182;13;102
182;14;94
182;15;93
182;16;102
182;17;153
182;18;213
185;0;
185;1;69
185;2;59
185;3;60
185;4;68
185;5;68
185;6;68
185;7;68
185;8;68
185;9;76
185;10;68
185;11;77
185;12;76
185;13;77
185;14;68
185;15;85
185;16;85
185;17;85
185;18;93
185;19;85
185;20;94
185;21;85
185;22;93
185;23;85
185;24;94
185;25;93
185;26;85
185;27;85
185;28;119
185;29;136
185;30;204
186;0;
186;1;68
186;2;85
186;3;85
186;4;85
186;5;85
186;6;94
186;7;93
186;8;77
186;9;85
186;10;102
186;11;85
186;12;93
186;13;85
186;14;94
186;15;136
186;16;153
186;17;170
186;18;229
186;19;621
187;0;
187;1;77
187;2;68
187;3;76
187;4;77
187;5;68
187;6;76
187;7;77
187;8;110
187;9;119
187;10;119
187;11;281
192;0;
192;1;85
192;2;77
192;3;68
192;4;85
192;5;68
192;6;76
192;7;77
192;8;76
192;9;68
192;10;85
192;11;77
192;12;93
192;13;94
192;14;178
192;15;672
192;16;858
197;0;
197;1;86
197;2;76
197;3;85
197;4;68
197;5;77
197;6;85
197;7;76
197;8;68
197;9;85
197;10;85
197;11;94
197;12;110
197;13;111
197;14;348
209;0;
209;1;86
209;2;76
209;3;77
209;4;85
209;5;119
214;0;-477
214;1;86
214;2;102
214;3;76
214;4;77
214;5;85
214;6;76
214;7;85
214;8;68
214;9;94
214;10;68
214;11;93
214;12;77
214;13;76
214;14;77
214;15;93
214;16;102
214;17;111
214;18;144
215;0;
215;1;77
215;2;77
215;3;68
215;4;68
215;5;93
215;6;119
215;7;595
215;8;281
218;0;
218;1;68
218;2;77
218;3;76
218;4;77
218;5;76
218;6;77
218;7;68
218;8;76
218;9;94
218;10;93
218;11;94
218;12;110
218;13;111
218;14;119
218;15;102
218;16;153
218;17;459
218;18;807
220;0;
220;1;77
220;2;68
220;3;77
220;4;76
220;5;77
220;6;76
220;7;85
220;8;102
220;9;187
220;10;179
220;11;170
222;0;
222;1;77
222;2;85
222;3;68
222;4;68
222;5;85
222;6;85
222;7;85
222;8;85
222;9;93
222;10;85
222;11;442
222;12;1173
222;13;663
223;0;
223;1;77
223;2;85
223;3;93
223;4;94
223;5;76
223;6;85
223;7;94
223;8;93
223;9;85
223;10;85
223;11;94
223;12;76
223;13;111
223;14;102
223;15;144
223;16;111
223;17;110
223;18;128
223;19;110
223;20;221
223;21;799
230;0;
230;1;85
230;2;102
230;3;68
230;4;85
230;5;77
230;6;85
230;7;76
230;8;68
230;9;94
230;10;85
230;11;93
230;12;85
230;13;111
230;14;110
230;15;111
230;16;136
230;17;246
230;18;391
230;19;527
231;0;
231;1;76
231;2;77
231;3;85
231;4;68
231;5;77
231;6;76
231;7;77
231;8;76
231;9;85
231;10;85
231;11;136
231;12;102
231;13;102
231;14;136
231;15;230
231;16;170
231;17;170
231;18;153
231;19;144
231;20;247
231;21;510
231;22;238
231;23;204
231;24;221
231;25;527
231;26;357
231;27;391
232;0;
232;1;76
232;2;85
232;3;77
232;4;85
232;5;85
232;6;127
232;7;85
232;8;94
232;9;85
232;10;102
232;11;136
232;12;195
232;13;349
237;0;
237;1;85
237;2;77
237;3;76
237;4;85
237;5;77
237;6;93
237;7;94
237;8;93
237;9;85
237;10;94
237;11;119
237;12;102
237;13;102
237;14;110
238;0;
238;1;68
238;2;85
238;3;77
238;4;76
238;5;77
238;6;76
238;7;85
238;8;102
238;9;85
238;10;119
238;11;136
238;12;255
238;13;1165
238;14;229
239;0;
239;1;111
239;2;76
239;3;68
239;4;77
239;5;85
239;6;93
239;7;94
239;8;85
239;9;93
239;10;85
239;11;111
239;12;127
239;13;179
239;14;170
244;0;
244;1;68
244;2;77
244;3;68
244;4;59
244;5;102
244;6;68
244;7;77
244;8;76
244;9;85
244;10;77
244;11;76
244;12;68
245;0;
245;1;68
245;2;68
245;3;77
245;4;76
245;5;77
245;6;76
245;7;77
245;8;76
245;9;77
245;10;85
245;11;85
245;12;119
245;13;153
245;14;280
245;15;221
245;16;1275
247;0;
247;1;77
247;2;76
247;3;85
247;4;77
247;5;76
247;6;77
247;7;68
247;8;85
247;9;76
247;10;85
247;11;153
247;12;179
247;13;875
251;0;
251;1;76
251;2;86
251;3;76
251;4;77
251;5;68
251;6;68
251;7;76
251;8;77
251;9;93
251;10;85
251;11;136
251;12;94
251;13;85
251;14;110
251;15;111
251;16;178
251;17;179
251;18;170
251;19;144
251;20;162
251;21;246
251;22;221
251;23;510
251;24;196
251;25;212
251;26;519
251;27;374
251;28;382
252;0;
252;1;76
252;2;77
252;3;76
252;4;77
252;5;76
252;6;77
252;7;76
252;8;85
252;9;102
252;10;136
252;11;1020
255;0;
255;1;93
255;2;77
255;3;76
255;4;77
255;5;85
255;6;110
255;7;102
255;8;94
255;9;93
255;10;94
255;11;127
255;12;204
255;13;349
256;0;
256;1;76
256;2;77
256;3;85
256;4;85
256;5;85
256;6;76
256;7;77
256;8;85
256;9;93
256;10;85
256;11;94
256;12;85
256;13;110
256;14;102
256;15;102
256;16;77
256;17;93
256;18;94
256;19;93
256;20;94
256;21;85
256;22;85
256;23;85
256;24;102
256;25;85
256;26;93
256;27;102
256;28;119
256;29;119
256;30;145
258;0;0
258;1;93
258;2;77
258;3;85
258;4;76
258;5;77
258;6;85
258;7;85
258;8;76
258;9;170
258;10;94
258;11;93
258;12;119
258;13;255
258;14;230
258;15;433
261;0;
261;1;77
261;2;76
261;3;68
261;4;77
261;5;76
261;6;77
261;7;93
261;8;85
261;9;85
261;10;119
261;11;170
261;12;289
262;0;
262;1;102
262;2;77
262;3;102
262;4;76
262;5;94
262;6;76
262;7;94
262;8;85
262;9;93
262;10;102
262;11;94
262;12;102
262;13;102
262;14;136
262;15;102
262;16;102
262;17;136
262;18;102
262;19;119
262;20;119
262;21;110
262;22;128
262;23;153
265;0;
265;1;85
265;2;77
265;3;76
265;4;85
265;5;77
265;6;76
265;7;85
265;8;85
265;9;85
265;10;94
265;11;93
265;12;128
265;13;187
266;0;
266;1;85
266;2;85
266;3;93
266;4;85
266;5;85
266;6;94
266;7;85
266;8;110
266;9;119
266;10;128
266;11;136
266;12;127
266;13;128
266;14;102
266;15;136
266;16;136
266;17;161
267;0;
267;1;111
267;2;110
267;3;102
267;4;94
267;5;93
267;6;94
267;7;93
267;8;77
267;9;76
267;10;77
267;11;85
267;12;102
267;13;102
267;14;85
267;15;93
267;16;102
267;17;94
267;18;93
267;19;77
267;20;85
267;21;85
267;22;76
267;23;77
267;24;76
267;25;68
267;26;77
267;27;93
267;28;102
267;29;179
268;0;
268;1;85
268;2;94
268;3;76
268;4;77
268;5;161
268;6;94
268;7;85
268;8;93
268;9;94
268;10;102
268;11;93
268;12;85
268;13;85
268;14;85
268;15;85
268;16;85
268;17;94
268;18;85
268;19;76
271;0;
271;1;102
271;2;102
271;3;93
271;4;102
271;5;85
271;6;94
271;7;93
271;8;85
271;9;85
271;10;111
271;11;110
271;12;136
271;13;247
271;14;374
271;15;246
274;0;
274;1;85
274;2;85
274;3;76
274;4;145
274;5;85
274;6;85
274;7;85
274;8;85
274;9;85
274;10;102
274;11;85
274;12;85
274;13;110
274;14;94
274;15;119
274;16;170
274;17;289
275;0;
275;1;102
275;2;77
275;3;76
275;4;77
275;5;85
275;6;85
275;7;76
275;8;77
275;9;85
275;10;85
275;11;76
275;12;77
275;13;76
275;14;77
275;15;76
275;16;102
275;17;85
275;18;94
275;19;93
275;20;179
275;21;85
275;22;93
275;23;94
275;24;195
281;0;
281;1;85
281;2;85
281;3;85
281;4;85
281;5;85
281;6;77
281;7;85
281;8;76
281;9;77
281;10;76
281;11;94
281;12;119
281;13;238
281;14;314
282;0;
282;1;86
282;2;85
282;3;76
282;4;77
282;5;76
282;6;85
282;7;85
282;8;94
282;9;119
282;10;170
282;11;586
284;0;
284;1;86
284;2;85
284;3;76
284;4;85
284;5;128
284;6;102
284;7;136
284;8;204
285;0;
285;1;93
285;2;85
285;3;77
285;4;93
285;5;85
285;6;85
285;7;961
286;0;
286;1;85
286;2;77
286;3;76
286;4;77
286;5;85
286;6;85
286;7;76
286;8;77
286;9;93
286;10;102
286;11;153
286;12;196
288;0;
288;1;77
288;2;68
288;3;76
288;4;77
288;5;85
288;6;76
288;7;85
288;8;94
288;9;102
288;10;110
288;11;102
288;12;102
288;13;153
288;14;740
289;0;
289;1;85
289;2;77
289;3;85
289;4;76
289;5;94
289;6;85
289;7;246
289;8;1105
290;0;
290;1;85
290;2;85
290;3;76
290;4;85
290;5;85
290;6;77
290;7;85
290;8;76
290;9;85
290;10;85
290;11;77
290;12;85
290;13;76
290;14;102
290;15;94
290;16;102
290;17;93
290;18;94
290;19;93
290;20;111
290;21;127
290;22;170
296;0;
296;1;76
296;2;77
296;3;76
296;4;77
296;5;76
296;6;85
296;7;94
296;8;93
296;9;128
296;10;161
296;11;264
296;12;331
296;13;264
296;14;484
296;15;332
300;0;
300;1;76
300;2;85
300;3;94
300;4;85
300;5;85
300;6;85
300;7;85
300;8;85
300;9;93
300;10;85
300;11;77
300;12;76
300;13;85
300;14;85
300;15;85
300;16;85
300;17;85
300;18;85
300;19;102
300;20;102
300;21;111
300;22;127
300;23;255
300;24;425
300;25;1284
300;26;654
301;0;
301;1;85
301;2;77
301;3;76
301;4;77
301;5;76
301;6;68
301;7;85
301;8;94
301;9;144
301;10;655
322;0;
322;1;86
322;2;85
322;3;85
322;4;85
322;5;76
322;6;77
322;7;68
322;8;76
322;9;85
322;10;77
322;11;76
322;12;77
322;13;85
322;14;102
322;15;85
322;16;85
322;17;93
322;18;85
322;19;85
322;20;85
322;21;85
322;22;85
322;23;85
322;24;85
322;25;77
322;26;85
322;27;76
322;28;68
322;29;68
322;30;85
322;31;77
322;32;85
322;33;119
325;0;
325;1;85
325;2;77
325;3;76
325;4;77
325;5;76
325;6;85
325;7;77
325;8;76
325;9;94
325;10;93
325;11;85
325;12;111
325;13;102
325;14;314
325;15;315
326;0;
326;1;85
326;2;77
326;3;85
326;4;76
326;5;77
326;6;76
326;7;85
326;8;102
326;9;187
326;10;162
326;11;484
327;0;
327;1;85
327;2;85
327;3;85
327;4;85
327;5;85
327;6;94
327;7;170
329;0;
329;1;86
329;2;68
329;3;76
329;4;77
329;5;85
329;6;76
329;7;94
329;8;161
329;9;247
329;10;416
337;1;
337;2;85
337;3;86
337;4;76
337;5;77
337;6;76
337;7;77
337;8;76
337;9;77
337;10;76
337;11;85
337;12;119
337;13;153
337;14;213
337;15;238
338;0;
338;1;86
338;2;76
338;3;77
338;4;76
338;5;77
338;6;102
338;7;102
338;8;195
338;9;196
340;0;
340;1;85
340;2;85
340;3;85
340;4;85
340;5;85
340;6;85
340;7;85
340;8;85
340;9;85
340;10;119
340;11;111
340;12;153
340;13;374
340;14;561
340;15;544
342;0;
342;1;77
342;2;76
342;3;85
342;4;85
342;5;85
342;6;85
342;7;94
342;8;85
342;9;93
342;10;85
342;11;94
342;12;110
342;13;102
342;14;111
342;15;119
342;16;119
342;17;144
342;18;153
343;0;
343;1;77
343;2;85
343;3;85
343;4;76
343;5;85
343;6;94
343;7;85
343;8;85
343;9;76
343;10;94
343;11;93
343;12;94
343;13;161
343;14;383
345;0;
345;1;77
345;2;77
345;3;76
345;4;77
345;5;76
345;6;85
345;7;94
345;8;144
345;9;221
345;10;910
346;0;
346;1;77
346;2;93
346;3;94
346;4;85
346;5;85
346;6;85
346;7;93
346;8;85
346;9;85
346;10;85
346;11;111
346;12;102
346;13;102
346;14;85
346;15;85
346;16;93
346;17;94
351;0;
351;1;76
351;2;77
351;3;77
351;4;76
351;5;85
351;6;85
351;7;85
351;8;85
351;9;102
351;10;111
351;11;246
351;12;323
354;0;
354;1;86
354;2;76
354;3;85
354;4;102
354;5;94
354;6;110
354;7;238
359;1;-229
359;2;85
359;3;76
359;4;85
359;5;94
359;6;102
359;7;110
359;8;111
359;9;110
359;10;102
359;11;94
359;12;110
359;13;85
359;14;85
359;15;85
359;16;85
359;17;102
359;18;102
359;19;102
359;20;128
359;21;323
361;0;
361;1;86
361;2;93
361;3;85
361;4;170
361;5;77
361;6;76
361;7;77
361;8;93
361;9;94
361;10;85
361;11;102
361;12;93
361;13;94
361;14;102
361;15;85
361;16;93
361;17;102
361;18;85
361;19;94
361;20;93
361;21;77
361;22;76
361;23;77
361;24;85
361;25;85
361;26;85
361;27;93
361;28;102
361;29;128
363;0;
363;1;111
363;2;85
363;3;93
363;4;85
363;5;85
363;6;85
363;7;85
363;8;77
363;9;85
363;10;93
363;11;85
363;12;94
363;13;85
363;14;85
363;15;93
363;16;85
363;17;94
363;18;85
363;19;85
363;20;85
363;21;85
363;22;85
363;23;85
363;24;85
363;25;93
363;26;119
363;27;136
363;28;136
363;29;196
363;30;382
365;0;
365;1;77
365;2;76
365;3;94
365;4;93
365;5;94
365;6;76
365;7;77
365;8;76
365;9;94
365;10;93
365;11;102
365;12;119
365;13;136
365;14;136
365;15;204
367;0;
367;1;86
367;2;85
367;3;85
367;4;93
367;5;85
367;6;85
367;7;85
367;8;85
367;9;85
367;10;85
367;11;119
367;12;94
367;13;85
367;14;85
367;15;119
367;16;110
367;17;128
367;18;170
367;19;153
367;20;195
367;21;612
367;22;289
367;23;1054
368;0;
368;1;102
368;2;94
368;3;85
368;4;93
368;5;85
368;6;85
368;7;94
368;8;85
368;9;93
368;10;94
368;11;85
368;12;85
368;13;85
368;14;93
368;15;111
368;16;93
368;17;85
368;18;77
368;19;85
368;20;76
368;21;85
368;22;111
368;23;102
371;0;
371;1;94
371;2;110
371;3;94
371;4;93
371;5;94
371;6;93
371;7;94
371;8;102
371;9;102
371;10;93
371;11;94
371;12;93
371;13;111
371;14;102
371;15;102
371;16;93
371;17;102
371;18;102
371;19;94
371;20;170
371;21;340
371;22;722
371;23;595
378;0;
378;1;86
378;2;59
378;3;77
378;4;76
378;5;85
378;6;77
378;7;76
378;8;68
378;9;77
378;10;93
378;11;111
378;12;136
378;13;221
378;14;1079
378;15;697
381;0;
381;1;85
381;2;85
381;3;85
381;4;85
381;5;85
381;6;77
381;7;85
381;8;102
381;9;110
381;10;510
383;0;
383;1;93
383;2;85
383;3;77
383;4;85
383;5;76
383;6;77
383;7;85
383;8;102
383;9;127
383;10;213
385;0;
385;1;102
385;2;102
385;3;76
385;4;77
385;5;85
385;6;76
385;7;77
385;8;187
385;9;127
385;10;102
385;11;187
385;12;255
387;0;
387;1;102
387;2;111
387;3;119
387;4;178
388;0;
388;1;86
388;2;93
388;3;85
388;4;77
388;5;76
388;6;85
388;7;77
388;8;93
388;9;77
388;10;93
388;11;102
388;12;102
388;13;170
389;0;
389;1;94
389;2;85
389;3;85
389;4;85
389;5;85
389;6;85
389;7;85
389;8;85
389;9;102
389;10;102
389;11;102
389;12;76
389;13;77
389;14;76
389;15;85
389;16;77
389;17;76
389;18;94
389;19;93
389;20;145
399;0;
399;1;85
399;2;85
399;3;85
399;4;85
399;5;77
399;6;76
399;7;77
399;8;76
399;9;94
399;10;93
399;11;136
399;12;162
399;13;459
401;0;
401;1;85
401;2;85
401;3;85
401;4;85
401;5;85
401;6;85
401;7;94
401;8;85
401;9;93
401;10;128
401;11;110
401;12;94
401;13;102
401;14;102
401;15;102
401;16;93
401;17;94
401;18;93
401;19;85
401;20;94
401;21;102
401;22;102
401;23;110
401;24;128
401;25;170
401;26;110
401;27;145
401;28;144
401;29;230
401;30;467
403;0;
403;1;86
403;2;76
403;3;77
403;4;76
403;5;77
403;6;76
403;7;77
403;8;85
403;9;85
403;10;85
403;11;85
403;12;93
403;13;94
403;14;93
403;15;102
403;16;102
403;17;136
403;18;153
403;19;425
403;20;366
403;21;790
403;22;714
404;0;
404;1;85
404;2;77
404;3;77
404;4;76
404;5;77
404;6;76
404;7;77
404;8;76
404;9;111
404;10;136
404;11;195
404;12;383
406;0;
406;1;85
406;2;94
406;3;85
406;4;85
406;5;85
406;6;85
406;7;102
406;8;93
406;9;102
406;10;102
406;11;85
406;12;85
406;13;94
406;14;102
406;15;110
406;16;102
406;17;102
406;18;111
406;19;119
406;20;110
406;21;119
406;22;145
406;23;127
406;24;145
406;25;688
406;26;425
407;0;
407;1;94
407;2;85
407;3;77
407;4;85
407;5;76
407;6;77
407;7;76
407;8;68
407;9;77
407;10;76
407;11;77
407;12;76
407;13;162
407;14;76
407;15;77
407;16;85
407;17;102
407;18;93
407;19;94
407;20;93
407;21;85
407;22;94
407;23;85
407;24;85
407;25;93
407;26;94
407;27;93
407;28;94
407;29;102
407;30;102
407;31;144
407;32;111
407;33;144
407;34;170
407;35;391
409;0;
409;1;93
409;2;77
409;3;76
409;4;77
409;5;76
409;6;77
409;7;161
409;8;-93
409;9;161
409;10;68
409;11;77
409;12;76
409;13;85
409;14;77
409;15;85
409;16;85
409;17;110
409;18;119
409;19;94
409;20;102
409;21;102
409;22;127
409;23;128
409;24;127
409;25;196
411;0;
411;1;85
411;2;76
411;3;68
411;4;77
411;5;76
411;6;85
411;7;85
411;8;94
411;9;76
411;10;77
411;11;85
411;12;85
411;13;110
411;14;119
411;15;187
411;16;434
411;17;595
411;18;637
413;0;
413;1;85
413;2;85
413;3;94
413;4;93
413;5;94
413;6;85
413;7;127
413;8;162
413;9;595
415;0;
415;1;86
415;2;85
415;3;76
415;4;85
415;5;85
415;6;77
415;7;76
415;8;77
415;9;93
415;10;77
415;11;93
415;12;77
415;13;93
415;14;94
415;15;102
415;16;102
415;17;102
415;18;187
415;19;289
415;20;399
415;21;391
415;22;442
415;23;451
415;24;382
417;0;
417;1;86
417;2;85
417;3;76
417;4;68
417;5;77
417;6;76
417;7;85
417;8;85
417;9;85
417;10;94
417;11;102
417;12;93
417;13;119
417;14;111
417;15;110
417;16;119
417;17;145
417;18;136
417;19;289
417;20;93
417;21;170
417;22;340
418;0;
418;1;94
418;2;76
418;3;77
418;4;76
418;5;77
418;6;76
418;7;77
418;8;76
418;9;77
418;10;85
418;11;93
418;12;77
418;13;93
418;14;102
418;15;94
418;16;102
418;17;85
418;18;102
418;19;102
418;20;102
418;21;110
418;22;102
418;23;94
418;24;127
418;25;102
418;26;128
418;27;170
420;0;
420;1;76
420;2;77
420;3;76
420;4;85
420;5;85
420;6;85
420;7;85
420;8;94
420;9;85
420;10;93
420;11;102
420;12;102
420;13;102
420;14;102
420;15;289
422;0;
422;1;76
422;2;94
422;3;93
422;4;102
422;5;102
422;6;94
422;7;119
422;8;127
422;9;111
422;10;110
422;11;136
422;12;102
422;13;102
422;14;102
422;15;85
422;16;102
422;17;102
422;18;111
422;19;221
422;20;204
422;21;722
422;22;774
424;0;
424;1;86
424;2;85
424;3;85
424;4;85
424;5;85
424;6;85
424;7;93
424;8;102
424;9;94
424;10;85
424;11;93
424;12;94
424;13;85
424;14;85
424;15;127
424;16;102
424;17;85
424;18;77
424;19;85
424;20;85
424;21;85
424;22;85
424;23;76
424;24;102
424;25;85
424;26;94
424;27;93
424;28;94
424;29;102
424;30;93
424;31;94
424;32;93
424;33;102
424;34;111
426;0;
426;1;76
426;2;77
426;3;68
426;4;76
426;5;77
426;6;76
426;7;85
426;8;85
426;9;85
426;10;85
426;11;94
426;12;102
426;13;119
426;14;170
426;15;161
426;16;255
427;0;
427;1;93
427;2;94
427;3;85
427;4;102
427;5;93
427;6;85
427;7;102
427;8;94
427;9;85
427;10;102
427;11;93
427;12;136
427;13;119
427;14;136
427;15;153
427;16;230
427;17;187
427;18;306
431;0;
431;1;111
431;2;102
431;3;93
431;4;102
431;5;111
431;6;93
431;7;94
431;8;102
431;9;93
431;10;85
431;11;77
431;12;102
431;13;93
431;14;111
431;15;119
431;16;110
431;17;102
431;18;221
431;19;77
431;20;93
431;21;94
431;22;85
431;23;85
431;24;110
431;25;119
431;26;561
433;0;
433;1;86
433;2;85
433;3;76
433;4;85
433;5;85
433;6;85
433;7;77
433;8;76
433;9;77
433;10;76
433;11;77
433;12;85
433;13;93
433;14;94
433;15;76
433;16;94
433;17;85
433;18;102
433;19;102
433;20;119
433;21;136
433;22;161
433;23;264
433;24;527
433;25;595
433;26;382
438;0;
438;1;93
438;2;94
438;3;93
438;4;85
438;5;85
438;6;77
438;7;110
438;8;179
438;10;144
438;11;289
438;12;238
438;13;204
438;14;187
438;15;187
438;16;204
438;17;128
438;18;204
438;19;204
438;20;433
438;21;187
438;22;357
438;23;332
439;0;
439;1;85
439;2;77
439;3;76
439;4;77
439;5;76
439;6;77
439;7;85
439;8;127
439;9;153
439;10;162
439;11;569
448;0;
448;1;85
448;2;93
448;3;94
448;4;85
448;5;85
448;6;85
448;7;85
448;8;76
448;9;77
448;10;144
448;11;315
449;0;
449;1;76
449;2;85
449;3;77
449;4;68
449;5;76
449;6;85
449;7;68
449;8;85
449;9;85
449;10;77
449;11;76
449;12;77
449;13;93
449;14;85
449;15;102
449;16;94
449;17;102
449;18;119
449;19;127
449;20;179
452;0;
452;1;93
452;2;94
452;3;93
452;4;85
452;5;85
452;6;85
452;7;85
452;8;94
452;9;76
452;10;85
452;11;94
452;12;85
452;13;136
452;14;416
452;15;748
453;0;
453;1;77
453;2;76
453;3;68
453;4;60
453;5;68
453;6;76
453;7;77
453;8;76
453;9;85
453;10;68
453;11;94
453;12;85
453;13;110
453;14;128
453;15;289
453;16;374
456;0;
456;1;86
456;2;85
456;3;93
456;4;94
456;5;93
456;6;230
456;7;425
456;8;348
460;0;
460;1;86
460;2;76
460;3;77
460;4;76
460;5;77
460;6;76
460;7;77
460;8;76
460;9;136
460;10;102
460;11;102
460;12;204
460;13;655
460;14;986
463;0;
463;1;85
463;2;85
463;3;102
463;4;102
463;5;93
463;6;85
463;7;85
463;8;77
463;9;93
463;10;145
463;11;110
463;12;128
463;13;246
463;14;349
463;15;544
464;0;
464;1;85
464;2;85
464;3;77
464;4;76
464;5;68
464;6;77
464;7;76
464;8;77
464;9;76
464;10;94
464;11;93
464;12;85
464;13;85
464;14;85
464;15;128
464;16;255
465;0;
465;1;94
465;2;93
465;3;94
465;4;102
465;5;93
465;6;94
465;7;93
465;8;102
465;9;102
465;10;111
465;11;119
465;12;161
465;13;145
465;14;229
465;15;757
466;0;
466;1;85
466;2;85
466;3;68
466;4;77
466;5;85
466;6;85
466;7;93
466;8;85
466;9;77
466;10;85
466;11;76
466;12;77
466;13;76
466;14;77
466;15;102
466;16;76
466;17;111
466;18;93
466;19;102
466;20;94
466;21;76
466;22;77
466;23;85
466;24;85
466;25;85
466;26;102
466;27;102
466;28;110
466;29;111
466;30;127
466;31;204
468;0;
468;1;86
468;2;85
468;3;76
468;4;77
468;5;76
468;6;85
468;7;77
468;8;76
468;9;85
468;10;85
468;11;102
468;12;85
468;13;102
468;14;94
468;15;110
468;16;102
468;17;136
468;18;170
468;19;162
468;20;161
469;0;
469;1;86
469;2;85
469;3;85
469;4;76
469;5;85
469;6;77
469;7;85
469;8;85
469;9;85
469;10;127
469;11;136
469;12;366
469;13;2210
472;0;
472;1;85
472;2;85
472;3;93
472;4;102
472;5;111
472;6;110
472;7;102
472;8;119
472;9;85
472;10;102
472;11;102
472;12;102
472;13;102
472;14;102
472;15;85
472;16;85
472;17;94
472;18;127
472;19;187
474;0;
474;1;85
474;2;85
474;3;85
474;4;94
474;5;85
474;6;85
474;7;85
474;8;85
474;9;85
474;10;76
474;11;85
474;12;94
474;13;93
474;14;85
474;15;94
474;16;93
474;17;94
474;18;110
474;19;111
474;20;178
474;21;425
475;0;
475;1;111
475;2;93
475;3;85
475;4;85
475;5;85
475;6;94
475;7;102
475;8;93
475;9;94
475;10;102
475;11;93
475;12;102
475;13;111
475;14;136
475;15;127
475;16;136
475;17;136
475;18;323
476;0;
476;1;85
476;2;93
476;3;77
476;4;93
476;5;85
476;6;85
476;7;85
476;8;94
476;9;85
476;10;85
476;11;76
476;12;85
476;13;77
476;14;85
476;15;85
476;16;85
476;17;85
476;18;85
476;19;85
476;20;76
476;21;85
476;22;77
476;23;85
476;24;85
476;25;85
476;26;93
476;27;111
476;28;102
476;29;93
476;30;102
476;31;102
476;32;94
476;33;102
476;34;85
476;35;110
476;36;136
476;37;536
479;0;
479;1;77
479;2;85
479;3;85
479;4;85
479;5;76
479;6;77
479;7;85
479;8;76
479;9;85
479;10;85
479;11;85
479;12;85
479;13;102
479;14;94
479;15;102
479;16;85
479;17;110
479;18;136
479;19;162
481;0;
481;1;86
481;2;68
481;3;68
481;4;76
481;5;77
481;6;76
481;7;77
481;8;76
481;9;102
481;10;145
481;11;195
481;12;383
484;0;
484;1;76
484;2;77
484;3;85
484;4;77
484;5;85
484;6;85
484;7;93
484;8;119
484;9;136
484;10;859
484;11;1147
487;0;
487;1;85
487;2;68
487;3;94
487;4;93
487;5;128
487;6;187
487;7;671
488;0;
488;1;86
488;2;68
488;3;76
488;4;68
488;5;68
488;6;77
488;7;76
488;8;77
488;9;85
488;10;85
488;11;187
488;12;901
488;13;374
491;0;
491;1;76
491;2;77
491;3;85
491;4;85
491;5;85
491;6;85
491;7;93
491;8;128
491;9;255
491;10;1028
492;0;
492;1;94
492;2;76
492;3;77
492;4;76
492;5;77
492;6;76
492;7;85
492;8;94
492;9;127
492;10;153
492;11;204
492;12;340
492;13;544
496;0;
496;1;102
496;2;77
496;3;76
496;4;94
496;5;85
496;6;85
496;7;85
496;8;85
496;9;85
496;10;144
496;11;213
496;12;161
496;13;264
498;0;
498;1;85
498;2;85
498;3;94
498;4;76
498;5;85
498;6;94
498;7;102
498;8;93
498;9;94
498;10;102
498;11;93
498;12;102
498;13;102
498;14;128
498;15;85
498;16;102
498;17;102
498;18;102
498;19;110
498;20;119
498;21;153
498;22;247
498;23;289
557;0;
557;1;77
557;2;76
557;3;77
557;4;85
557;5;85
557;6;76
557;7;85
557;8;85
557;9;60
557;10;68
557;11;76
557;12;85
557;13;60
557;14;127
557;15;77
557;16;76
557;17;94
557;18;85
557;19;85
557;20;85
557;21;93
557;22;77
557;23;110
557;24;111
557;25;136
557;26;136
558;0;
558;1;68
558;2;68
558;3;68
558;4;59
558;5;77
558;6;76
558;7;60
558;8;76
558;9;77
558;10;76
558;11;77
558;12;85
558;13;85
558;14;102
558;15;255
559;0;
559;1;85
559;2;76
559;3;68
559;4;68
559;5;85
559;6;94
559;7;68
559;8;76
559;9;85
559;10;77
559;11;76
559;12;85
559;13;77
559;14;102
559;15;110
559;16;247
559;17;187
559;18;357
560;0;
560;1;76
560;2;77
560;3;76
560;4;94
560;5;68
560;6;85
560;7;102
560;8;102
560;9;136
560;10;119
560;11;170
560;12;408
560;13;1045
560;14;1369
563;0;
563;1;102
563;2;85
563;3;77
563;4;76
563;5;68
563;6;85
563;7;77
563;8;85
563;9;85
563;10;85
563;11;102
563;12;110
563;13;145
565;0;
565;1;85
565;2;68
565;3;68
565;4;76
565;5;77
565;6;93
565;7;145
565;8;93
565;9;85
565;10;102
565;11;153
565;12;323
565;13;544
572;0;
572;1;86
572;2;68
572;3;68
572;4;68
572;5;68
572;6;68
572;7;68
572;8;68
572;9;68
572;10;68
572;11;85
572;12;93
572;13;85
572;14;85
572;15;102
572;16;119
572;17;187
572;18;663
572;19;1377
575;0;
575;1;68
575;2;68
575;3;85
575;4;68
575;5;77
575;6;76
575;7;85
575;8;94
575;9;93
575;10;170
575;11;196
575;12;229
575;13;400
577;0;
577;1;85
577;2;77
577;3;68
577;4;76
577;5;94
577;6;76
577;7;85
577;8;102
577;9;111
577;10;289
579;0;
579;1;85
579;2;85
579;3;102
579;4;68
579;5;85
579;6;85
579;7;76
579;8;94
579;9;93
579;10;85
579;11;94
579;12;136
579;13;93
579;14;196
579;15;85
579;16;144
579;17;196
579;18;229
579;19;1190
579;20;510
579;21;442
579;22;315
579;23;280
583;0;
583;1;77
583;2;76
583;3;68
583;4;119
583;5;94
583;6;59
583;7;119
583;8;60
583;9;93
588;0;
588;1;94
588;2;68
588;3;77
588;4;85
588;5;76
588;6;77
588;7;76
588;8;85
588;9;85
588;10;94
588;11;93
588;12;111
588;13;85
588;14;110
588;15;272
592;0;
592;1;527
593;0;
593;1;94
593;2;68
593;3;85
593;4;94
593;5;119
593;6;110
593;7;170
593;8;289
595;0;
595;1;93
595;2;102
595;3;102
595;4;94
595;5;85
595;6;93
595;7;85
595;8;85
595;9;94
595;10;93
595;11;85
595;12;85
595;13;85
595;14;111
595;15;119
595;16;127
595;17;145
595;18;153
595;19;170
595;20;340
600;0;
600;1;68
600;2;111
600;3;127
600;4;85
600;5;77
600;6;93
600;7;85
600;8;85
600;9;85
600;10;85
600;11;85
600;12;136
600;13;85
600;14;94
600;15;85
600;16;93
600;17;85
600;18;111
600;19;102
600;20;110
600;21;111
600;22;34
600;23;161
600;24;187
603;0;
603;1;85
603;2;94
603;3;68
603;4;59
603;5;68
603;6;94
603;7;59
603;8;85
603;9;85
603;10;85
603;11;77
603;12;85
603;13;85
603;14;76
603;15;85
603;16;77
603;17;76
603;18;111
603;19;110
603;20;162
603;21;289
603;22;1190
655;0;
655;1;86
655;2;68
655;3;102
655;4;93
655;5;119
655;6;170
655;7;145
655;8;416
656;0;
656;1;68
656;2;85
656;3;68
656;4;85
656;5;85
656;6;85
656;7;136
656;8;315
656;9;858
662;0;
662;1;85
662;2;93
662;3;77
662;4;76
662;5;68
662;6;68
662;7;85
662;8;60
662;9;102
662;10;85
662;11;85
662;12;110
662;13;102
662;14;145
662;15;365
662;16;621
662;17;357
662;18;1028
663;0;
663;1;76
663;2;77
663;3;102
663;4;76
663;5;85
663;6;85
663;7;102
663;8;85
663;9;85
664;0;
664;1;86
664;2;85
664;3;136
664;4;212
666;0;
666;1;68
666;2;60
666;3;76
666;4;85
666;5;85
666;6;94
666;7;68
666;8;68
666;9;85
666;10;85
666;11;68
666;12;85
666;13;68
666;14;102
666;15;93
666;16;77
666;17;102
666;18;102
666;19;93
666;20;128
666;21;153
666;22;170
666;23;459
667;0;
667;1;68
667;2;60
667;3;68
667;4;93
667;5;68
667;6;94
667;7;68
667;8;119
667;9;102
667;10;204
670;0;
670;1;86
670;2;76
670;3;68
670;4;77
670;5;85
670;6;85
670;7;85
670;8;59
670;9;77
670;10;85
670;11;76
670;12;77
670;13;85
670;14;93
670;15;85
670;16;102
670;17;111
670;18;93
670;19;111
670;20;119
670;21;25
670;22;111
670;23;178
670;24;408
670;25;230
671;0;
671;1;86
671;2;85
671;3;85
671;4;68
671;5;85
671;6;85
671;7;85
671;8;85
671;9;85
671;10;93
671;11;102
671;12;102
671;13;187
671;14;162
671;15;110
674;0;
674;1;68
674;2;60
674;3;76
674;4;77
674;5;76
674;6;94
674;7;110
674;8;111
674;9;187
674;10;212
674;11;230
682;0;
682;1;94
682;2;76
682;3;77
682;4;85
682;5;85
682;6;68
682;7;93
682;8;85
682;9;102
682;10;94
682;11;102
682;12;127
682;13;119
682;14;128
682;15;85
682;16;221
693;0;
693;1;76
693;2;77
693;3;68
693;4;68
693;5;93
693;6;85
693;7;111
693;8;127
693;9;196
